Workbook

Sheet AC_IFSTTAR
A2: Absorption Capacity of stinox after 2h of soaking
A4: Time (m) | B4: MSSD (g) | C4: MOD (g) | D4: AC (%)
A5: 3 | B5: 124 | C5: 121.5 | D5: =(B5-C5)*100/C5 -> 2.0576132
A6: 30 | B6: 127.55 | C6: 124.9 | D6: =(B6-C6)*100/C6 -> 2.1216974
A7: 60 | B7: 97.9 | C7: 95.6 | D7: =(B7-C7)*100/C7 -> 2.4058577
A8: 90 | B8: 124.25 | C8: 120.9 | D8: =(B8-C8)*100/C8 -> 2.770885
A9: 120 | B9: 111.1 | C9: 107.6 | D9: =(B9-C9)*100/C9 -> 3.2527881 | E9: =AVERAGE(D9:D10) -> 3.0760982 | F9: AC %
A10: 120 | B10: 121.73 | C10: 118.3 | D10: =(B10-C10)*100/C10 -> 2.8994083
B12: Time | C12: Total time of soaking, in minutes
B13: MSSD ; | C13: Saturated surface dry mass of Stinox
B14: MOD; | C14: Oven-dry mass of stinox
B15: AC; | C15: Absorption capacity, calculated according to EN standard

Sheet Mix Design&Proportioning
I2: From Orbix, WA = | K2: 0.007
I6: WA from standard cone method = | L6: 0.044
I7: WA from IFSTTAR method = | L7: 0.051
K9: WA = | L9: =(L7+L6)/2 -> 0.0475
C11: mix | D11: a/b ratio | E11: w/b ratio | F11: Carbinox (g) | G11: Stinox (g) | H11: Water (g) | I11: Corrected Water (g) | J11: Addiitonal water
C12: M-1.0_0.25 | D12: 1 | E12: 0.25 | F12: =0.5*800 -> 400 | G12: =0.5*800 -> 400 | H12: =0.25*F12 -> 100 | I12: =H12+$K$2*G12 -> 102.8 | J12: =I12-H12 -> 2.8
C13: M-1.0_0.30 | D13: 1 | E13: 0.3 | F13: =0.5*800 -> 400 | G13: =0.5*800 -> 400 | H13: =0.3*F13 -> 120 | I13: =H13+$K$2*G13 -> 122.8 | J13: =I13-H13 -> 2.8
C14: M-1.0_0.35 | D14: 1 | E14: 0.35 | F14: =0.5*800 -> 400 | G14: =0.5*800 -> 400 | H14: =0.35*F14 -> 140 | I14: =H14+$K$2*G14 -> 142.8 | J14: =I14-H14 -> 2.8
C15: M-1.5_0.25 | D15: 1.5 | E15: 0.25 | F15: =(1/2.5)*800 -> 320 | G15: =(1.5/2.5)*800 -> 480 | H15: =0.25*F15 -> 80 | I15: =H15+$K$2*G15 -> 83.36 | J15: =I15-H15 -> 3.36
C16: M-1.5_0.30 | D16: 1.5 | E16: 0.3 | F16: =(1/2.5)*800 -> 320 | G16: =(1.5/2.5)*800 -> 480 | H16: =0.3*F16 -> 96 | I16: =H16+$K$2*G16 -> 99.36 | J16: =I16-H16 -> 3.36
C17: M-1.5_0.35 | D17: 1.5 | E17: 0.35 | F17: =(1/2.5)*800 -> 320 | G17: =(1.5/2.5)*800 -> 480 | H17: =0.35*F17 -> 112 | I17: =H17+$K$2*G17 -> 115.36 | J17: =I17-H17 -> 3.36 | V17: Apparent particle density
C18: M-2.5_0.25 | D18: 2 | E18: 0.25 | F18: =(1/3)*800 -> 266.66667 | G18: =(2/3)*800 -> 533.33333 | H18: =0.25*F18 -> 66.666667 | I18: =H18+$K$2*G18 -> 70.4 | J18: =I18-H18 -> 3.7333333 | V18: Cx = | W18: 2527.1
C19: M-2.5_0.30 | D19: 2 | E19: 0.3 | F19: =(1/3)*800 -> 266.66667 | G19: =(2/3)*800 -> 533.33333 | H19: =0.3*F19 -> 80 | I19: =H19+$K$2*G19 -> 83.733333 | J19: =I19-H19 -> 3.7333333 | V19: Sx = | W19: 1774.51
C20: M-2.5_0.35 | D20: 2 | E20: 0.35 | F20: =(1/3)*800 -> 266.66667 | G20: =(2/3)*800 -> 533.33333 | H20: =0.35*F20 -> 93.333333 | I20: =H20+$K$2*G20 -> 97.066667 | J20: =I20-H20 -> 3.7333333
C24: mix | D24: a/b ratio | E24: w/b ratio | F24: Carbinox (g) | G24: Stinox (g) | H24: Water (g) | I24: Corrected Water (g) | J24: Addiitonal water (g) | M24: mix | N24: a/b ratio | O24: w/b ratio | P24: Carbinox (g) | Q24: Stinox (g) | R24: Water (g) | S24: Corrected Water (g) | T24: Addiitonal water (g)
C25: TM-1.0_0.25 | D25: 1 | E25: 0.25 | F25: =0.5*800 -> 400 | G25: =0.5*800 -> 400 | H25: =0.25*F25 -> 100 | I25: =H25+0.031*G25 -> 112.4 | J25: =I25-H25 -> 12.4 | M25: TM-0.5_0.25 | N25: 0.5 | O25: 0.25 | P25: =(1/1.5)*800 -> 533.33333 | Q25: =(0.5/1.5)*800 -> 266.66667 | R25: =0.25*P25 -> 133.33333 | S25: =R25+0.031*Q25 -> 141.6 | T25: =S25-R25 -> 8.2666667
C26: TM-1.0_0.30 | D26: 1 | E26: 0.3 | F26: =0.5*800 -> 400 | G26: =0.5*800 -> 400 | H26: =0.3*F26 -> 120 | I26: =H26+0.031*G26 -> 132.4 | J26: =I26-H26 -> 12.4 | M26: TM-0.5_0.30 | N26: 0.5 | O26: 0.3 | P26: =(1/1.5)*800 -> 533.33333 | Q26: =(0.5/1.5)*800 -> 266.66667 | R26: =0.3*P26 -> 160 | S26: =R26+0.031*Q26 -> 168.26667 | T26: =S26-R26 -> 8.2666667
C27: TM-1.0_0.35 | D27: 1 | E27: 0.35 | F27: =0.5*800 -> 400 | G27: =0.5*800 -> 400 | H27: =0.35*F27 -> 140 | I27: =H27+0.031*G27 -> 152.4 | J27: =I27-H27 -> 12.4 | M27: TM-0.5_0.35 | N27: 0.5 | O27: 0.35 | P27: =(1/1.5)*800 -> 533.33333 | Q27: =(0.5/1.5)*800 -> 266.66667 | R27: =0.35*P27 -> 186.66667 | S27: =R27+0.031*Q27 -> 194.93333 | T27: =S27-R27 -> 8.2666667
C28: TM-1.5_0.25 | D28: 1.5 | E28: 0.25 | F28: =(1/2.5)*800 -> 320 | G28: =(1.5/2.5)*800 -> 480 | H28: =0.25*F28 -> 80 | I28: =H28+0.031*G28 -> 94.88 | J28: =I28-H28 -> 14.88 | M28: TM-0.7_0.25 | N28: 0.7 | O28: 0.25 | P28: =(1/1.7)*800 -> 470.58824 | Q28: =(0.7/1.7)*800 -> 329.41176 | R28: =0.25*P28 -> 117.64706 | S28: =R28+0.031*Q28 -> 127.85882 | T28: =S28-R28 -> 10.211765
C29: TM-1.5_0.30 | D29: 1.5 | E29: 0.3 | F29: =(1/2.5)*800 -> 320 | G29: =(1.5/2.5)*800 -> 480 | H29: =0.3*F29 -> 96 | I29: =H29+0.031*G29 -> 110.88 | J29: =I29-H29 -> 14.88 | M29: TM-0.7_0.30 | N29: 0.7 | O29: 0.3 | P29: =(1/1.7)*800 -> 470.58824 | Q29: =(0.7/1.7)*800 -> 329.41176 | R29: =0.3*P29 -> 141.17647 | S29: =R29+0.031*Q29 -> 151.38824 | T29: =S29-R29 -> 10.211765
C30: TM-1.5_0.35 | D30: 1.5 | E30: 0.35 | F30: =(1/2.5)*800 -> 320 | G30: =(1.5/2.5)*800 -> 480 | H30: =0.35*F30 -> 112 | I30: =H30+0.031*G30 -> 126.88 | J30: =I30-H30 -> 14.88 | M30: TM-0.7_0.35 | N30: 0.7 | O30: 0.35 | P30: =(1/1.7)*800 -> 470.58824 | Q30: =(0.7/1.7)*800 -> 329.41176 | R30: =0.35*P30 -> 164.70588 | S30: =R30+0.031*Q30 -> 174.91765 | T30: =S30-R30 -> 10.211765
C31: TM-2.0_0.25 | D31: 2 | E31: 0.25 | F31: =(1/3)*800 -> 266.66667 | G31: =(2/3)*800 -> 533.33333 | H31: =0.25*F31 -> 66.666667 | I31: =H31+0.031*G31 -> 83.2 | J31: =I31-H31 -> 16.533333 | M31: TM-1.0_0.25 | N31: 2 | O31: 0.25 | P31: =(1/2)*800 -> 400 | Q31: =(1/2)*800 -> 400 | R31: =0.25*P31 -> 100 | S31: =R31+0.031*Q31 -> 112.4 | T31: =S31-R31 -> 12.4
C32: TM-2.0_0.30 | D32: 2 | E32: 0.3 | F32: =(1/3)*800 -> 266.66667 | G32: =(2/3)*800 -> 533.33333 | H32: =0.3*F32 -> 80 | I32: =H32+0.031*G32 -> 96.533333 | J32: =I32-H32 -> 16.533333 | M32: TM-1.0_0.30 | N32: 2 | O32: 0.3 | P32: =(1/2)*800 -> 400 | Q32: =(1/2)*800 -> 400 | R32: =0.3*P32 -> 120 | S32: =R32+0.031*Q32 -> 132.4 | T32: =S32-R32 -> 12.4
C33: TM-2.0_0.35 | D33: 2 | E33: 0.35 | F33: =(1/3)*800 -> 266.66667 | G33: =(2/3)*800 -> 533.33333 | H33: =0.35*F33 -> 93.333333 | I33: =H33+0.031*G33 -> 109.86667 | J33: =I33-H33 -> 16.533333 | M33: TM-1.0_0.35 | N33: 2 | O33: 0.35 | P33: =(1/2)*800 -> 400 | Q33: =(1/2)*800 -> 400 | R33: =0.35*P33 -> 140 | S33: =R33+0.031*Q33 -> 152.4 | T33: =S33-R33 -> 12.4
AF36: =1.379/1060 -> 0.0013009434
M38: mix | N38: a/b ratio | O38: w/b ratio | P38: Carbinox (g) | Q38: Stinox (g) | R38: Water (g) | S38: Corrected Water (g) | T38: SP (g) | U38: VMA (g) | V38: D1(mm) | W38: D2(mm) | X38: DAvg
M39: TM-0.5_0.25 | N39: 0.5 | O39: 0.25 | P39: =(1/1.5)*2068 -> 1378.6667 | Q39: =(0.5/1.5)*2068 -> 689.33333 | R39: =0.25*P39 -> 344.66667 | S39: =R39+0.031*Q39 -> 366.036 | T39: =(0.008*P39) -> 11.029333 | U39: =0.00056*P39 -> 0.77205333 | V39: 165 | W39: 165 | X39: =(V39+W39)/2 -> 165 | Y39: =100*T39/P39 -> 0.8 | Z39: =100*U39/P39 -> 0.056 | AA39: 1 | AC39: =100*AA39/P39 -> 0.072533849
M40: TM-0.5_0.30 | N40: 0.5 | O40: 0.3 | P40: =(1/1.5)*2068 -> 1378.6667 | Q40: =(0.5/1.5)*2068 -> 689.33333 | R40: =0.3*P40 -> 413.6 | S40: =R40+0.031*Q40 -> 434.96933 | T40: =(0.0025*P40) -> 3.4466667 | U40: =0.00056*P40 -> 0.77205333 | V40: 155 | W40: 160 | X40: =(V40+W40)/2 -> 157.5 | Y40: =100*T40/P40 -> 0.25 | Z40: =100*U40/P40 -> 0.056
M41: TM-0.5_0.35 | N41: 0.5 | O41: 0.35 | P41: =(1/1.5)*2068 -> 1378.6667 | Q41: =(0.5/1.5)*2068 -> 689.33333 | R41: =0.35*P41 -> 482.53333 | S41: =R41+0.031*Q41 -> 503.90267 | T41: =(0*P41) -> 0 | U41: =0.00075*P41 -> 1.034 | V41: 170 | W41: 165 | X41: =(V41+W41)/2 -> 167.5 | Y41: =100*T41/P41 -> 0 | Z41: =100*U41/P41 -> 0.075
M42: TM-0.7_0.25 | N42: 0.7 | O42: 0.25 | P42: =(1/1.7)*2068 -> 1216.4706 | Q42: =(0.7/1.7)*2068 -> 851.52941 | R42: =0.25*P42 -> 304.11765 | S42: =R42+0.031*Q42 -> 330.51506 | T42: =(0.01*P42) -> 12.164706 | U42: =0.0008*P42 -> 0.97317647 | V42: 155 | W42: 150 | X42: =(V42+W42)/2 -> 152.5 | Y42: =100*T42/P42 -> 1 | Z42: =100*U42/P42 -> 0.08
M43: TM-0.7_0.30 | N43: 0.7 | O43: 0.3 | P43: =(1/1.7)*2068 -> 1216.4706 | Q43: =(0.7/1.7)*2068 -> 851.52941 | R43: =0.3*P43 -> 364.94118 | S43: =R43+0.031*Q43 -> 391.33859 | T43: =(0.005*P43) -> 6.0823529 | U43: =0.0008*P43 -> 0.97317647 | V43: 165 | W43: 160 | X43: =(V43+W43)/2 -> 162.5 | Y43: =100*T43/P43 -> 0.5 | Z43: =100*U43/P43 -> 0.08
M44: TM-0.7_0.35 | N44: 0.7 | O44: 0.35 | P44: =(1/1.7)*2068 -> 1216.4706 | Q44: =(0.7/1.7)*2068 -> 851.52941 | R44: =0.35*P44 -> 425.76471 | S44: =R44+0.031*Q44 -> 452.16212 | T44: =(0*P44) -> 0 | U44: =0.00045*P44 -> 0.54741176 | V44: 155 | W44: 155 | X44: =(V44+W44)/2 -> 155 | Y44: =100*T44/P44 -> 0 | Z44: =100*U44/P44 -> 0.045
M45: TM-1.0_0.25 | N45: 2 | O45: 0.25 | P45: =(1/2)*2068 -> 1034 | Q45: =(1/2)*2068 -> 1034 | R45: =0.25*P45 -> 258.5 | S45: =R45+0.031*Q45 -> 290.554 | T45: 18.1 | U45: 0.93 | Y45: =100*T45/P45 -> 1.7504836 | Z45: =100*U45/P45 -> 0.089941973
M46: TM-1.0_0.30 | N46: 2 | O46: 0.3 | P46: =(1/2)*2068 -> 1034 | Q46: =(1/2)*2068 -> 1034 | R46: =0.3*P46 -> 310.2 | S46: =R46+0.031*Q46 -> 342.254 | T46: =(0.01*P46) -> 10.34 | U46: =0.0009*P46 -> 0.9306 | V46: 150 | W46: 155 | X46: =(V46+W46)/2 -> 152.5 | Y46: =100*T46/P46 -> 1 | Z46: =100*U46/P46 -> 0.09
M47: TM-1.0_0.35 | N47: 2 | O47: 0.35 | P47: =(1/2)*2068 -> 1034 | Q47: =(1/2)*2068 -> 1034 | R47: =0.35*P47 -> 361.9 | S47: =R47+0.031*Q47 -> 393.954 | T47: =(0.005*P47) -> 5.17 | U47: =0.0009*P47 -> 0.9306 | V47: 160 | W47: 160 | X47: =(V47+W47)/2 -> 160 | Y47: =100*T47/P47 -> 0.5 | Z47: =100*U47/P47 -> 0.09
M51: TM-0.5_0.25 | N51: 0.5 | O51: 0.25 | P51: =P39*0.6 -> 827.2 | Q51: =Q39*0.6 -> 413.6 | R51: =0.25*P51 -> 206.8 | S51: =R51+0.031*Q51 -> 219.6216 | T51: =(0.008*P51) -> 6.6176 | U51: =0.00056*P51 -> 0.463232 | V51: 165 | W51: 165 | X51: =(V51+W51)/2 -> 165
AB54: Volume computation | AH54: Mass Per m3 of concrete
AA55: mix | AB55: a/b ratio | AC55: w/b ratio | AD55: Carbinox (m3) | AE55: Stinox (m3) | AF55: Water (m3) | AG55: Volume part in 1m3 | AH55: Carbinox (kg) | AI55: Stinox (kg) | AJ55: Total Water, WT (kg) | AK55: SP (kg) | AL55: VMA (kg) | AM55: Density (kg/m3) | AO55: SP (% Cx) | AP55: VMA (% Cx)
AA56: M-0.5_0.25 | AB56: 0.5 | AC56: 0.25 | AD56: =P39/(1000*$W$18) -> 0.00054555287 | AE56: =Q39/(1000*$W$19) -> 0.00038846405 | AF56: =S39/(1000*1000) -> 0.000366036 | AG56: =1/SUM(AD56:AF56) -> 769.19946 | AH56: =AG56*P39/1000 -> 1060.4697 | AI56: =AG56*Q39/1000 -> 530.23483 | AJ56: =AG56*S39/1000 -> 281.55469 | AK56: =Y39*AH56/100 -> 8.4837572 | AL56: =Z39*AH56/100 -> 0.59386301 | AM56: =SUM(AH56:AL56) -> 1881.3368 | AO56: =AK56*100/AH56 -> 0.8 | AP56: =AL56*100/AH56 -> 0.056
AA57: M-0.5_0.30 | AB57: 0.5 | AC57: 0.3 | AD57: =P40/(1000*$W$18) -> 0.00054555287 | AE57: =Q40/(1000*$W$19) -> 0.00038846405 | AF57: =S40/(1000*1000) -> 0.00043496933 | AG57: =1/SUM(AD57:AF57) -> 730.46753 | AH57: =AG57*P40/1000 -> 1007.0712 | AI57: =AG57*Q40/1000 -> 503.53561 | AJ57: =AG57*S40/1000 -> 317.73097 | AK57: =Y40*AH57/100 -> 2.5176781 | AL57: =Z40*AH57/100 -> 0.56395989 | AM57: =SUM(AH57:AL57) -> 1831.4195 | AO57: =AK57*100/AH57 -> 0.25 | AP57: =AL57*100/AH57 -> 0.056
AA58: M-0.5_0.35 | AB58: 0.5 | AC58: 0.35 | AD58: =P41/(1000*$W$18) -> 0.00054555287 | AE58: =Q41/(1000*$W$19) -> 0.00038846405 | AF58: =S41/(1000*1000) -> 0.00050390267 | AG58: =1/SUM(AD58:AF58) -> 695.44918 | AH58: =AG58*P41/1000 -> 958.79261 | AI58: =AG58*Q41/1000 -> 479.3963 | AJ58: =AG58*S41/1000 -> 350.4387 | AK58: =Y41*AH58/100 -> 0 | AL58: =Z41*AH58/100 -> 0.71909445 | AM58: =SUM(AH58:AL58) -> 1789.3467 | AO58: =AK58*100/AH58 -> 0 | AP58: =AL58*100/AH58 -> 0.075
AA59: M-0.7_0.25 | AB59: 0.7 | AC59: 0.25 | AD59: =P42/(1000*$W$18) -> 0.00048137018 | AE59: =Q42/(1000*$W$19) -> 0.00047986735 | AF59: =S42/(1000*1000) -> 0.00033051506 | AG59: =1/SUM(AD59:AF59) -> 774.14205 | AH59: =AG59*P42/1000 -> 941.72104 | AI59: =AG59*Q42/1000 -> 659.20472 | AJ59: =AG59*S42/1000 -> 255.86561 | AK59: =Y42*AH59/100 -> 9.4172104 | AL59: =Z42*AH59/100 -> 0.75337683 | AM59: =SUM(AH59:AL59) -> 1866.962 | AO59: =AK59*100/AH59 -> 1 | AP59: =AL59*100/AH59 -> 0.08
AA60: M-0.7_0.30 | AB60: 0.7 | AC60: 0.3 | AD60: =P43/(1000*$W$18) -> 0.00048137018 | AE60: =Q43/(1000*$W$19) -> 0.00047986735 | AF60: =S43/(1000*1000) -> 0.00039133859 | AG60: =1/SUM(AD60:AF60) -> 739.32992 | AH60: =AG60*P43/1000 -> 899.37311 | AI60: =AG60*Q43/1000 -> 629.56117 | AJ60: =AG60*S43/1000 -> 289.32833 | AK60: =Y43*AH60/100 -> 4.4968655 | AL60: =Z43*AH60/100 -> 0.71949849 | AM60: =SUM(AH60:AL60) -> 1823.479 | AO60: =AK60*100/AH60 -> 0.5 | AP60: =AL60*100/AH60 -> 0.08
AA61: M-0.7_0.35 | AB61: 0.7 | AC61: 0.35 | AD61: =P44/(1000*$W$18) -> 0.00048137018 | AE61: =Q44/(1000*$W$19) -> 0.00047986735 | AF61: =S44/(1000*1000) -> 0.00045216212 | AG61: =1/SUM(AD61:AF61) -> 707.51397 | AH61: =AG61*P44/1000 -> 860.66994 | AI61: =AG61*Q44/1000 -> 602.46896 | AJ61: =AG61*S44/1000 -> 319.91102 | AK61: =Y44*AH61/100 -> 0 | AL61: =Z44*AH61/100 -> 0.38730147 | AM61: =SUM(AH61:AL61) -> 1783.4372 | AO61: =AK61*100/AH61 -> 0 | AP61: =AL61*100/AH61 -> 0.045
AA62: M-1.0_0.25 | AB62: 1 | AC62: 0.25 | AD62: =P45/(1000*$W$18) -> 0.00040916466 | AE62: =Q45/(1000*$W$19) -> 0.00058269607 | AF62: =S45/(1000*1000) -> 0.000290554 | AG62: =1/SUM(AD62:AF62) -> 779.77894 | AH62: =AG62*P45/1000 -> 806.29143 | AI62: =AG62*Q45/1000 -> 806.29143 | AJ62: =AG62*S45/1000 -> 226.56789 | AK62: =Y45*AH62/100 -> 14.113999 | AL62: =Z45*AH62/100 -> 0.72519442 | AM62: =SUM(AH62:AL62) -> 1853.9899 | AO62: =AK62*100/AH62 -> 1.7504836 | AP62: =AL62*100/AH62 -> 0.089941973
AA63: M-1.0_0.30 | AB63: 1 | AC63: 0.3 | AD63: =P46/(1000*$W$18) -> 0.00040916466 | AE63: =Q46/(1000*$W$19) -> 0.00058269607 | AF63: =S46/(1000*1000) -> 0.000342254 | AG63: =1/SUM(AD63:AF63) -> 749.56073 | AH63: =AG63*P46/1000 -> 775.04579 | AI63: =AG63*Q46/1000 -> 775.04579 | AJ63: =AG63*S46/1000 -> 256.54016 | AK63: =Y46*AH63/100 -> 7.7504579 | AL63: =Z46*AH63/100 -> 0.69754121 | AM63: =SUM(AH63:AL63) -> 1815.0797 | AO63: =AK63*100/AH63 -> 1 | AP63: =AL63*100/AH63 -> 0.09
AA64: M-1.0_0.35 | AB64: 1 | AC64: 0.35 | AD64: =P47/(1000*$W$18) -> 0.00040916466 | AE64: =Q47/(1000*$W$19) -> 0.00058269607 | AF64: =S47/(1000*1000) -> 0.000393954 | AG64: =1/SUM(AD64:AF64) -> 721.59718 | AH64: =AG64*P47/1000 -> 746.13149 | AI64: =AG64*Q47/1000 -> 746.13149 | AJ64: =AG64*S47/1000 -> 284.2761 | AK64: =Y47*AH64/100 -> 3.7306574 | AL64: =Z47*AH64/100 -> 0.67151834 | AM64: =SUM(AH64:AL64) -> 1780.9412 | AO64: =AK64*100/AH64 -> 0.5 | AP64: =AL64*100/AH64 -> 0.09
AD67: kg/m3
AA68: mix | AB68: a/b ratio | AC68: w/b ratio | AD68: Carbinox (kg) | AE68: Stinox (kg) | AF68: Total Water, WT (kg) | AG68: SP (kg) | AH68: VMA (kg)
AA69: M-0.5_0.25 | AB69: 0.5 | AC69: 0.25 | AD69: 1060.4697 | AE69: =AD69*0.5 -> 530.23483 | AF69: =AD69*AC69+0.031*AE69 -> 281.55469 | AG69: 8.4837572 | AH69: 0.59386301
AA70: M-0.5_0.30 | AB70: 0.5 | AC70: 0.3 | AD70: 1007.0712 | AE70: =AD70*0.5 -> 503.53561 | AF70: =AD70*AC70+0.031*AE70 -> 317.73097 | AG70: 2.5176781 | AH70: 0.56395989
X71: =233-0.031*806 -> 208.014 | AA71: M-0.5_0.35 | AB71: 0.5 | AC71: 0.35 | AD71: 958.79261 | AE71: =AD71*0.5 -> 479.3963 | AF71: =AD71*AC71+0.031*AE71 -> 350.4387 | AG71: 0 | AH71: 0.71909445
AA72: M-0.7_0.25 | AB72: 0.7 | AC72: 0.25 | AD72: 941.72104 | AE72: =AD72*0.7 -> 659.20472 | AF72: =AD72*AC72+0.031*AE72 -> 255.86561 | AG72: 9.4172104 | AH72: 0.75337683
AA73: M-0.7_0.30 | AB73: 0.7 | AC73: 0.3 | AD73: 899.37311 | AE73: =AD73*0.7 -> 629.56117 | AF73: =AD73*AC73+0.031*AE73 -> 289.32833 | AG73: 4.4968655 | AH73: 0.71949849
AA74: M-0.7_0.35 | AB74: 0.7 | AC74: 0.35 | AD74: 860.66994 | AE74: =AD74*0.7 -> 602.46896 | AF74: =AD74*AC74+0.031*AE74 -> 319.91102 | AG74: 0 | AH74: 0.38730147
AA75: M-1.0_0.25 | AB75: 1 | AC75: 0.25 | AD75: 806.29143 | AE75: =AD75 -> 806.29143 | AF75: =AD75*AC75+0.031*AE75 -> 226.56789 | AG75: 14.113999 | AH75: 0.72519442
AA76: M-1.0_0.30 | AB76: 1 | AC76: 0.3 | AD76: 775.04579 | AE76: =AD76 -> 775.04579 | AF76: =AD76*AC76+0.031*AE76 -> 256.54016 | AG76: 7.7504579 | AH76: 0.69754121
U77: =U66+V66+W66 -> 0 | AA77: M-1.0_0.35 | AB77: 1 | AC77: 0.35 | AD77: 746.13149 | AE77: =AD77 -> 746.13149 | AF77: =AD77*AC77+0.031*AE77 -> 284.2761 | AG77: 3.7306574 | AH77: 0.67151834
U78: =U67+V67+W67 -> 0
U79: =U68+V68+W68 -> 0 | AD79: =1000*AD69*0.0013 -> 1378.6105 | AE79: =1000*AE69*0.0013 -> 689.30527 | AF79: =1000*AF69*0.0013 -> 366.0211 | AG79: =1000*AG69*0.0013 -> 11.028884 | AH79: =1000*AH69*0.0013 -> 0.77202191
U80: =U69+V69+W69 -> 0 | AD80: =1000*AD70*0.0013 -> 1309.1926 | AE80: =1000*AE70*0.0013 -> 654.5963 | AF80: =1000*AF70*0.0013 -> 413.05026 | AG80: =1000*AG70*0.0013 -> 3.2729815 | AH80: =1000*AH70*0.0013 -> 0.73314785
U81: =U70+V70+W70 -> 0 | AD81: =1000*AD71*0.0013 -> 1246.4304 | AE81: =1000*AE71*0.0013 -> 623.21519 | AF81: =1000*AF71*0.0013 -> 455.57031 | AG81: =1000*AG71*0.0013 -> 0 | AH81: =1000*AH71*0.0013 -> 0.93482279
U82: =U71+V71+W71 -> 0 | AD82: =1000*AD72*0.0013 -> 1224.2373 | AE82: =1000*AE72*0.0013 -> 856.96614 | AF82: =1000*AF72*0.0013 -> 332.62529 | AG82: =1000*AG72*0.0013 -> 12.242373 | AH82: =1000*AH72*0.0013 -> 0.97938988
U83: =U72+V72+W72 -> 0 | AD83: =1000*AD73*0.0013 -> 1169.185 | AE83: =1000*AE73*0.0013 -> 818.42953 | AF83: =1000*AF73*0.0013 -> 376.12683 | AG83: =1000*AG73*0.0013 -> 5.8459252 | AH83: =1000*AH73*0.0013 -> 0.93534803
U84: =U73+V73+W73 -> 0 | AD84: =1000*AD74*0.0013 -> 1118.8709 | AE84: =1000*AE74*0.0013 -> 783.20964 | AF84: =1000*AF74*0.0013 -> 415.88432 | AG84: =1000*AG74*0.0013 -> 0 | AH84: =1000*AH74*0.0013 -> 0.50349191
U85: =U74+V74+W74 -> 0 | AD85: =1000*AD75*0.0013 -> 1048.1789 | AE85: =1000*AE75*0.0013 -> 1048.1789 | AF85: =1000*AF75*0.0013 -> 294.53826 | AG85: =1000*AG75*0.0013 -> 18.348199 | AH85: =1000*AH75*0.0013 -> 0.94275274
AD86: =1000*AD76*0.0013 -> 1007.5595 | AE86: =1000*AE76*0.0013 -> 1007.5595 | AF86: =1000*AF76*0.0013 -> 333.5022 | AG86: =1000*AG76*0.0013 -> 10.075595 | AH86: =1000*AH76*0.0013 -> 0.90680357
AD87: =1000*AD77*0.0013 -> 969.97093 | AE87: =1000*AE77*0.0013 -> 969.97093 | AF87: =1000*AF77*0.0013 -> 369.55893 | AG87: =1000*AG77*0.0013 -> 4.8498547 | AH87: =1000*AH77*0.0013 -> 0.87297384

Sheet Strength_3%CO2_full prog.
D2: Sample Dimensions
B3: Mix | C3: Sample | D3: W1 (mm) | E3: W2 (mm) | F3: W3 (mm) | G3: H1 (mm) | H3: H2 (mm) | I3: H3 (mm) | J3: W (mm) | K3: H (mm)
B4: M-0.5_0.25 | C4: 1 | D4: 39.5 | E4: 41 | F4: 41.3 | G4: 40.1 | H4: 39.93 | I4: 39.85 | J4: =AVERAGE(D4:I4) -> 40.28 | K4: =AVERAGE(G4:I4) -> 39.96
C5: 2 | D5: 37 | E5: 36.45 | F5: 35.5 | G5: 39.46 | H5: 39.51 | I5: 39.46 | J5: =AVERAGE(D5:I5) -> 37.896667 | K5: =AVERAGE(G5:I5) -> 39.476667
C6: 3 | D6: 40.5 | E6: 40.94 | F6: 41.15 | G6: 39.7 | H6: 39.87 | I6: 39.9 | J6: =AVERAGE(D6:I6) -> 40.343333 | K6: =AVERAGE(G6:I6) -> 39.823333
C7: 4 | D7: 37.2 | E7: 37.85 | F7: 39.46 | G7: 39.73 | H7: 39.04 | I7: 39.12 | J7: =AVERAGE(D7:I7) -> 38.733333 | K7: =AVERAGE(G7:I7) -> 39.296667
B8: M-0.5_0.3 | C8: 1 | D8: 37.25 | E8: 36.06 | F8: 34.26 | G8: 39.4 | H8: 39.44 | I8: 39.57 | J8: =AVERAGE(D8:I8) -> 37.663333 | K8: =AVERAGE(G8:I8) -> 39.47
C9: 2 | D9: 34.5 | E9: 34.24 | F9: 36.84 | G9: 39.28 | H9: 39.26 | I9: 38.96 | J9: =AVERAGE(D9:I9) -> 37.18 | K9: =AVERAGE(G9:I9) -> 39.166667
C10: 3 | D10: 34.96 | E10: 34.26 | F10: 35.26 | G10: 39.38 | H10: 39.65 | I10: 39.94 | J10: =AVERAGE(D10:I10) -> 37.241667 | K10: =AVERAGE(G10:I10) -> 39.656667
C11: 4 | D11: 36.1 | E11: 35.12 | F11: 35.36 | G11: 39.07 | H11: 39.13 | I11: 39.26 | J11: =AVERAGE(D11:I11) -> 37.34 | K11: =AVERAGE(G11:I11) -> 39.153333
B12: M-0.5_0.35 | C12: 1 | D12: 30.55 | E12: 32.38 | F12: 30.63 | G12: 39.25 | H12: 39.49 | I12: 39.51 | J12: =AVERAGE(D12:I12) -> 35.301667 | K12: =AVERAGE(G12:I12) -> 39.416667
C13: 2 | D13: 34.89 | E13: 35.43 | F13: 35.96 | G13: 39.57 | H13: 39.49 | I13: 39.52 | J13: =AVERAGE(D13:I13) -> 37.476667 | K13: =AVERAGE(G13:I13) -> 39.526667
C14: 3 | D14: 34.77 | E14: 36.3 | F14: 39.05 | G14: 39.3 | H14: 39.7 | I14: 39.42 | J14: =AVERAGE(D14:I14) -> 38.09 | K14: =AVERAGE(G14:I14) -> 39.473333
C15: 4 | D15: 36.8 | E15: 37.79 | F15: 37.07 | G15: 39.16 | H15: 39.35 | I15: 39.4 | J15: =AVERAGE(D15:I15) -> 38.261667 | K15: =AVERAGE(G15:I15) -> 39.303333
B16: M-0.7_0.25 | C16: 1 | D16: 37.67 | E16: 37.32 | F16: 40.28 | G16: 40.29 | H16: 39.83 | I16: 39.73 | J16: =AVERAGE(D16:I16) -> 39.186667 | K16: =AVERAGE(G16:I16) -> 39.95
C17: 2 | D17: 39.21 | E17: 39.81 | F17: 40.15 | G17: 40.77 | H17: 40.51 | I17: 40.45 | J17: =AVERAGE(D17:I17) -> 40.15 | K17: =AVERAGE(G17:I17) -> 40.576667
C18: 3 | D18: 35.7 | E18: 36.31 | F18: 37.35 | G18: 39.83 | H18: 40.36 | I18: 40.31 | J18: =AVERAGE(D18:I18) -> 38.31 | K18: =AVERAGE(G18:I18) -> 40.166667
C19: 4 | D19: 36.47 | E19: 35.51 | F19: 37.45 | G19: 39.06 | H19: 39.53 | I19: 39.53 | J19: =AVERAGE(D19:I19) -> 37.925 | K19: =AVERAGE(G19:I19) -> 39.373333
B20: M-0.7_0.3 | C20: 1 | D20: 38.29 | E20: 38.7 | F20: 34.65 | G20: 39.85 | H20: 39.71 | I20: 40.02 | J20: =AVERAGE(D20:I20) -> 38.536667 | K20: =AVERAGE(G20:I20) -> 39.86
C21: 2 | D21: 38.85 | E21: 38.36 | F21: 37.03 | G21: 38.37 | H21: 38.41 | I21: 38.41 | J21: =AVERAGE(D21:I21) -> 38.238333 | K21: =AVERAGE(G21:I21) -> 38.396667
C22: 3 | D22: 33.98 | E22: 35.45 | F22: 37.08 | G22: 39.21 | H22: 39.05 | I22: 38.86 | J22: =AVERAGE(D22:I22) -> 37.271667 | K22: =AVERAGE(G22:I22) -> 39.04
C23: 4 | D23: 34.39 | E23: 35.02 | F23: 33.48 | G23: 38.48 | H23: 39.35 | I23: 39.44 | J23: =AVERAGE(D23:I23) -> 36.693333 | K23: =AVERAGE(G23:I23) -> 39.09
B24: M-0.7_0.35 | C24: 1 | D24: 32.07 | E24: 33.3 | F24: 33.71 | G24: 39.39 | H24: 39.65 | I24: 39.8 | J24: =AVERAGE(D24:I24) -> 36.32 | K24: =AVERAGE(G24:I24) -> 39.613333
C25: 2 | D25: 35.8 | E25: 38.06 | F25: 36.23 | G25: 39.75 | H25: 39.83 | I25: 39.72 | J25: =AVERAGE(D25:I25) -> 38.231667 | K25: =AVERAGE(G25:I25) -> 39.766667
C26: 3 | D26: 33.19 | E26: 33.39 | F26: 32.17 | G26: 39.43 | H26: 39.48 | I26: 39.49 | J26: =AVERAGE(D26:I26) -> 36.191667 | K26: =AVERAGE(G26:I26) -> 39.466667
C27: 4 | D27: 36.92 | E27: 37.19 | F27: 36.5 | G27: 39.02 | H27: 39.14 | I27: 39.43 | J27: =AVERAGE(D27:I27) -> 38.033333 | K27: =AVERAGE(G27:I27) -> 39.196667
B28: M-1.0_0.3 | C28: 1 | D28: 38.06 | E28: 38.26 | F28: 38.13 | G28: 39.98 | H28: 39.96 | I28: 40.18 | J28: =AVERAGE(D28:I28) -> 39.095 | K28: =AVERAGE(G28:I28) -> 40.04
C29: 2 | D29: 40.87 | E29: 41.11 | F29: 41.16 | G29: 39.31 | H29: 39.97 | I29: 40.07 | J29: =AVERAGE(D29:I29) -> 40.415 | K29: =AVERAGE(G29:I29) -> 39.783333
C30: 3 | D30: 38.02 | E30: 40.89 | F30: 41.32 | G30: 39.99 | H30: 39.86 | I30: 39.75 | J30: =AVERAGE(D30:I30) -> 39.971667 | K30: =AVERAGE(G30:I30) -> 39.866667
C31: 4 | D31: 36.45 | E31: 37.1 | F31: 38.33 | G31: 39.48 | H31: 39.37 | I31: 39.22 | J31: =AVERAGE(D31:I31) -> 38.325 | K31: =AVERAGE(G31:I31) -> 39.356667
B32: M-1.0_0.35 | C32: 1 | D32: 38.43 | E32: 38.56 | F32: 38.67 | G32: 39.77 | H32: 39.83 | I32: 39.66 | J32: =AVERAGE(D32:I32) -> 39.153333 | K32: =AVERAGE(G32:I32) -> 39.753333
C33: 2 | D33: 34.74 | E33: 36.62 | F33: 35.78 | G33: 39.95 | H33: 39.96 | I33: 39.54 | J33: =AVERAGE(D33:I33) -> 37.765 | K33: =AVERAGE(G33:I33) -> 39.816667
B37: Flexural strength
B38: Mix | C38: Direction | D38: Sample | E38: W (mm) | F38: H (mm) | G38: Rupture load (N) | H38: Flexural Strength (Mpa) | I38: Avg. Flex. Strength (MPa) | J38: Stdev
B39: M-0.5_0.25 | C39: w | D39: 1 | E39: =J4 -> 40.28 | F39: =K4 -> 39.96 | G39: 2251 | H39: =1.5*G39*100/(E39*F39^2) -> 5.2496015 | I39: =AVERAGE(H39:H40) -> 5.9431241 | J39: =STDEV(H39:H40) -> 0.9807892 | AW39: Mix Designation | AX39: Flexural Strength (MPa) | AZ39: Compressive strength (MPa)
D40: 2 | E40: =J5 -> 37.896667 | F40: =K5 -> 39.476667 | G40: 2613 | H40: =1.5*G40*100/(E40*F40^2) -> 6.6366468 | AX40: w | AY40: v | AZ40: w | BA40: v
C41: v | D41: 3 | E41: =K6 -> 39.823333 | F41: =J6 -> 40.343333 | G41: 3038 | H41: =1.5*G41*100/(E41^2*F41) -> 7.122493 | I41: =AVERAGE(H41:H42) -> 6.2057342 | J41: =STDEV(H41:H42) -> 1.2964928 | AW41: M-0.5_0.25 | AX41: =I39 -> 5.9431241 | AY41: =I41 -> 6.2057342 | AZ41: =I73 -> 21.177486 | BA41: =I76 -> 19.335783
D42: 4 | E42: =K7 -> 39.296667 | F42: =J7 -> 38.733333 | G42: 2109 | H42: =1.5*G42*100/(E42^2*F42) -> 5.2889753 | AW42: M-0.5_0.30 | AX42: =I43 -> 2.2152964 | AY42: =I45 -> 3.7606891 | AZ42: =I79 -> 16.026182 | BA42: =I82 -> 12.047866
B43: M-0.5_0.3 | C43: w | D43: 1 | E43: =J8 -> 37.663333 | F43: =K8 -> 39.47 | G43: 835 | H43: =1.5*G43*100/(E43*F43^2) -> 2.1346404 | I43: =AVERAGE(H43:H44) -> 2.2152964 | J43: =STDEV(H43:H44) -> 0.11406485 | AW43: M-0.5_0.35 | AX43: =I47 -> 1.4498151 | AY43: =I49 -> 1.8784673 | AZ43: =I86 -> 10.600128 | BA43: =I90 -> 6.2592532
D44: 2 | E44: =J9 -> 37.18 | F44: =K9 -> 39.166667 | G44: 873 | H44: =1.5*G44*100/(E44*F44^2) -> 2.2959525 | AW44: M-0.7_0.25 | AX44: =I51 -> 5.6411171 | AY44: =I53 -> 6.6369627 | AZ44: =I94 -> 22.900667 | BA44: =I97 -> 14.22669
C45: v | D45: 3 | E45: =K10 -> 39.656667 | F45: =J10 -> 37.241667 | G45: 1314 | H45: =1.5*G45*100/(E45^2*F45) -> 3.3653102 | I45: =AVERAGE(H45:H46) -> 3.7606891 | J45: =STDEV(H45:H46) -> 0.5591502 | AW45: M-0.7_0.30 | AX45: =I55 -> 3.9520066 | AY45: =I57 -> 3.4104764 | AZ45: =I100 -> 15.3199 | BA45: =I103 -> 6.0578893
D46: 4 | E46: =K11 -> 39.153333 | F46: =J11 -> 37.34 | G46: 1586 | H46: =1.5*G46*100/(E46^2*F46) -> 4.156068 | AW46: M-0.7_0.35 | AX46: =I59 -> 2.1833487 | AY46: =I61 -> 2.9887323 | AZ46: =I107 -> 8.5042588 | BA46: =I111 -> 6.9640464
B47: M-0.5_0.35 | C47: w | D47: 1 | E47: =J12 -> 35.301667 | F47: =K12 -> 39.416667 | G47: 220 | H47: =1.5*G47*100/(E47*F47^2) -> 0.60167081 | I47: =AVERAGE(H47:H48) -> 1.4498151 | J47: =STDEV(H47:H48) -> 1.1994572 | AW47: M-1.0_0.30 | AX47: =I63 -> 4.1770831 | AY47: =I65 -> 6.0100694 | AZ47: =I115 -> 10.826716 | BA47: =I119 -> 8.3347694
D48: 2 | E48: =J13 -> 37.476667 | F48: =K13 -> 39.526667 | G48: 897 | H48: =1.5*G48*100/(E48*F48^2) -> 2.2979595 | AW48: M-1.0_0.35 | AX48: =I67 -> 2.4145419 | AY48: =I68 -> 4.7301396 | AZ48: =I123 -> 8.128299 | BA48: =I125 -> 7.8767267
C49: v | D49: 3 | E49: =K14 -> 39.473333 | F49: =J14 -> 38.09 | G49: 157 | H49: =1.5*G49*100/(E49^2*F49) -> 0.39680061 | I49: =AVERAGE(H49:H50) -> 1.8784673 | J49: =STDEV(H49:H50) -> 2.0953931
D50: 4 | E50: =K15 -> 39.303333 | F50: =J15 -> 38.261667 | G50: 1324 | H50: =1.5*G50*100/(E50^2*F50) -> 3.360134
B51: M-0.7_0.25 | C51: w | D51: 1 | E51: =J16 -> 39.186667 | F51: =K16 -> 39.95 | G51: 2196 | H51: =1.5*G51*100/(E51*F51^2) -> 5.2668592 | I51: =AVERAGE(H51:H52) -> 5.6411171 | J51: =STDEV(H51:H52) -> 0.52928059 | AW51: Mix Designation | AX51: Flexural Strength (MPa) | AZ51: Compressive strength (MPa)
D52: 2 | E52: =J17 -> 40.15 | F52: =K17 -> 40.576667 | G52: 2651 | H52: =1.5*G52*100/(E52*F52^2) -> 6.0153749 | AX52: w | AY52: v | AZ52: w | BA52: v
C53: v | D53: 3 | E53: =K18 -> 40.166667 | F53: =J18 -> 38.31 | G53: 2567 | H53: =1.5*G53*100/(E53^2*F53) -> 6.2297898 | I53: =AVERAGE(H53:H54) -> 6.6369627 | J53: =STDEV(H53:H54) -> 0.57582947 | AW53: M-0.5_0.25 | AX53: =AX$41 -> 5.9431241 | AY53: =AY$41 -> 6.2057342 | AZ53: =AZ$41 -> 21.177486 | BA53: =BA$41 -> 19.335783
D54: 4 | E54: =K19 -> 39.373333 | F54: =J19 -> 37.925 | G54: 2761 | H54: =1.5*G54*100/(E54^2*F54) -> 7.0441356 | AW54: M-0.7_0.25 | AX54: =AX$44 -> 5.6411171 | AY54: =AY$44 -> 6.6369627 | AZ54: =AZ$44 -> 22.900667 | BA54: =BA$44 -> 14.22669
B55: M-0.7_0.3 | C55: w | D55: 1 | E55: =J20 -> 38.536667 | F55: =K20 -> 39.86 | G55: 1658 | H55: =1.5*G55*100/(E55*F55^2) -> 4.0618796 | I55: =AVERAGE(H55:H56) -> 3.9520066 | J55: =STDEV(H55:H56) -> 0.15538399 | AW55: M-0.5_0.30 | AX55: =AX$42 -> 2.2152964 | AY55: =AY$42 -> 3.7606891 | AZ55: =AZ$42 -> 16.026182 | BA55: =BA$42 -> 12.047866
D56: 2 | E56: =J21 -> 38.238333 | F56: =K21 -> 38.396667 | G56: 1444 | H56: =1.5*G56*100/(E56*F56^2) -> 3.8421335 | AW56: M-0.7_0.30 | AX56: =AX$45 -> 3.9520066 | AY56: =AY$45 -> 3.4104764 | AZ56: =AZ$45 -> 15.3199 | BA56: =BA$45 -> 6.0578893
C57: v | D57: 3 | E57: =K22 -> 39.04 | F57: =J22 -> 37.271667 | G57: 1416 | H57: =1.5*G57*100/(E57^2*F57) -> 3.7390053 | I57: =AVERAGE(H57:H58) -> 3.4104764 | J57: =STDEV(H57:H58) -> 0.46461005 | AW57: M-1.0_0.30 | AX57: =AX$47 -> 4.1770831 | AY57: =AY$47 -> 6.0100694 | AZ57: =AZ$47 -> 10.826716 | BA57: =BA$47 -> 8.3347694
D58: 4 | E58: =K23 -> 39.09 | F58: =J23 -> 36.693333 | G58: 1152 | H58: =1.5*G58*100/(E58^2*F58) -> 3.0819475 | AW58: M-0.5_0.35 | AX58: =AX$43 -> 1.4498151 | AY58: =AY$43 -> 1.8784673 | AZ58: =AZ$43 -> 10.600128 | BA58: =BA$43 -> 6.2592532
B59: M-0.7_0.35 | C59: w | D59: 1 | E59: =J24 -> 36.32 | F59: =K24 -> 39.613333 | G59: 856 | H59: =1.5*G59*100/(E59*F59^2) -> 2.2528714 | I59: =AVERAGE(H59:H60) -> 2.1833487 | J59: =STDEV(H59:H60) -> 0.098319932 | AW59: M-0.7_0.35 | AX59: =AX$46 -> 2.1833487 | AY59: =AY$46 -> 2.9887323 | AZ59: =AZ$46 -> 8.5042588 | BA59: =BA$46 -> 6.9640464
D60: 2 | E60: =J25 -> 38.231667 | F60: =K25 -> 39.766667 | G60: 852 | H60: =1.5*G60*100/(E60*F60^2) -> 2.113826 | AW60: M-1.0_0.35 | AX60: =AX$48 -> 2.4145419 | AY60: =AY$48 -> 4.7301396 | AZ60: =AZ$48 -> 8.128299 | BA60: =BA$48 -> 7.8767267
C61: v | D61: 3 | E61: =K26 -> 39.466667 | F61: =J26 -> 36.191667 | G61: 1137 | H61: =1.5*G61*100/(E61^2*F61) -> 3.0253961 | I61: =AVERAGE(H61:H62) -> 2.9887323 | J61: =STDEV(H61:H62) -> 0.051850418
D62: 4 | E62: =K27 -> 39.196667 | F62: =J27 -> 38.033333 | G62: 1150 | H62: =1.5*G62*100/(E62^2*F62) -> 2.9520686
B63: M-1.0_0.3 | C63: w | D63: 1 | E63: =J28 -> 39.095 | F63: =K28 -> 40.04 | G63: 1728 | H63: =1.5*G63*100/(E63*F63^2) -> 4.1354773 | I63: =AVERAGE(H63:H64) -> 4.1770831 | J63: =STDEV(H63:H64) -> 0.058839493
D64: 2 | E64: =J29 -> 40.415 | F64: =K29 -> 39.783333 | G64: 1799 | H64: =1.5*G64*100/(E64*F64^2) -> 4.2186889
C65: v | D65: 3 | E65: =K30 -> 39.866667 | F65: =J30 -> 39.971667 | G65: 2653 | H65: =1.5*G65*100/(E65^2*F65) -> 6.2640671 | I65: =AVERAGE(H65:H66) -> 6.0100694 | J65: =STDEV(H65:H66) -> 0.35920697
D66: 4 | E66: =K31 -> 39.356667 | F66: =J31 -> 38.325 | G66: 2278 | H66: =1.5*G66*100/(E66^2*F66) -> 5.7560717
B67: M-1.0_0.35 | C67: w | D67: 1 | E67: =J32 -> 39.153333 | F67: =K32 -> 39.753333 | G67: 996 | H67: =1.5*G67*100/(E67*F67^2) -> 2.4145419 | I67: =AVERAGE(H67:H67) -> 2.4145419
C68: v | D68: 2 | E68: =K33 -> 39.816667 | F68: =J33 -> 37.765 | G68: 1888 | H68: =1.5*G68*100/(E68^2*F68) -> 4.7301396 | I68: =AVERAGE(H68:H68) -> 4.7301396
B71: Compressive strength
B72: Mix | C72: Direction | D72: sample | E72: w (mm) | F72: L (mm) | G72: Cr've Load (N) | H72: Cr've Strength (Mpa) | I72: Avg. Cr've. Strength (MPa) | J72: Stdev
B73: M-0.5_0.25 | C73: w | D73: 1 | E73: =J4 -> 40.28 | F73: 40 | G73: 35820 | H73: =G73/(F73*E73) -> 22.231877 | I73: =AVERAGE(H73:H75) -> 21.177486 | J73: =STDEV(H73:H75) -> 0.91453749
D74: 2 | E74: =J4 -> 40.28 | F74: 40 | G74: 33190 | H74: =G74/(F74*E74) -> 20.599553
D75: 3 | E75: =J5 -> 37.896667 | F75: 40 | G75: 31380 | H75: =G75/(F75*E75) -> 20.701029
C76: v | D76: 1 | E76: =K6 -> 39.823333 | F76: 40 | G76: 37110 | H76: =G76/(F76*E76) -> 23.296644 | I76: =AVERAGE(H76:H78) -> 19.335783 | J76: =STDEV(H76:H77) -> 1.2961947
D77: 2 | E77: =K6 -> 39.823333 | F77: 40 | G77: 40030 | H77: =G77/(F77*E77) -> 25.12974
D78: 3 | E78: =K7 -> 39.296667 | F78: 40 | G78: 15060 | H78: =G78/(F78*E78) -> 9.5809653
B79: M-0.5_0.3 | C79: w | D79: 1 | E79: =J8 -> 37.663333 | F79: 40 | G79: 22410 | H79: =G79/(F79*E79) -> 14.87521 | I79: =AVERAGE(H79:H81) -> 16.026182 | J79: =STDEV(H79:H81) -> 2.8936139
D80: 2 | E80: =J9 -> 37.18 | F80: 40 | G80: 28730 | H80: =G80/(F80*E80) -> 19.318182
D81: 3 | E81: =J9 -> 37.18 | F81: 40 | G81: 20650 | H81: =G81/(F81*E81) -> 13.885153
C82: v | D82: 1 | E82: =K10 -> 39.656667 | F82: 40 | G82: 25030 | H82: =G82/(F82*E82) -> 15.779188 | I82: =AVERAGE(H82:H85) -> 12.047866 | J82: =STDEV(H82:H85) -> 2.5939565
D83: 2 | E83: =K10 -> 39.656667 | F83: 40 | G83: 17180 | H83: =G83/(F83*E83) -> 10.830461
D84: 3 | E84: =K11 -> 39.153333 | F84: 40 | G84: 18310 | H84: =G84/(F84*E84) -> 11.691214
D85: 4 | E85: =K11 -> 39.153333 | F85: 40 | G85: 15490 | H85: =G85/(F85*E85) -> 9.8906011
B86: M-0.5_0.35 | C86: w | D86: 1 | E86: =J12 -> 35.301667 | F86: 40 | G86: 13240 | H86: =G86/(F86*E86) -> 9.3763278 | I86: =AVERAGE(H86:H89) -> 10.600128 | J86: 1.3618132
D87: 2 | E87: =J12 -> 35.301667 | F87: 40 | G87: 13560 | H87: =G87/(F87*E87) -> 9.602946
D88: 3 | E88: =J13 -> 37.476667 | F88: 40 | G88: 14300 | H88: =G88/(F88*E88) -> 9.5392689
D89: 4 | E89: =J13 -> 37.476667 | F89: 40 | G89: 20810 | H89: =G89/(F89*E89) -> 13.881971
C90: v | D90: 1 | E90: =K14 -> 39.473333 | F90: 40 | G90: 13710 | H90: =G90/(F90*E90) -> 8.6830772 | I90: =AVERAGE(H90:H93) -> 6.2592532 | J90: 1.3618132
D91: 2 | E91: =K14 -> 39.473333 | F91: 40 | G91: 13800 | H91: =G91/(F91*E91) -> 8.7400777
D92: 3 | E92: =K15 -> 39.303333 | F92: 40 | G92: 11970 | H92: =G92/(F92*E92) -> 7.613858
D93: 4 | E93: =K15 -> 39.303333 | F93: 40 | H93: =G93/(F93*E93) -> 0
B94: M-0.7_0.25 | C94: w | D94: 1 | E94: =J16 -> 39.186667 | F94: 40 | G94: 35930 | H94: =G94/(F94*E94) -> 22.922338 | I94: =AVERAGE(H94:H96) -> 22.900667 | J94: =STDEV(H94:H96) -> 1.2946127
D95: 2 | E95: =J16 -> 39.186667 | F95: 40 | G95: 33850 | H95: =G95/(F95*E95) -> 21.595356 | AW95: RG 1 | AX95: =143.96/10.76 -> 13.379182
D96: 3 | E96: =J17 -> 40.15 | F96: 40 | G96: 38840 | H96: =G96/(F96*E96) -> 24.184309 | AW96: RG 2 | AX96: =105.77/4.6523 -> 22.734991
C97: v | D97: 1 | E97: =K18 -> 40.166667 | F97: 40 | G97: 20340 | H97: =G97/(F97*E97) -> 12.659751 | I97: =AVERAGE(H97:H99) -> 14.22669 | J97: =STDEV(H97:H99) -> 1.3618132
D98: 2 | E98: =K19 -> 39.373333 | F98: 40 | G98: 23460 | H98: =G98/(F98*E98) -> 14.895869
D99: 3 | E99: =K19 -> 39.373333 | F99: 40 | G99: 23820 | H99: =G99/(F99*E99) -> 15.12445
B100: M-0.7_0.3 | D100: 1 | E100: =J20 -> 38.536667 | F100: 40 | G100: 23820 | H100: =G100/(F100*E100) -> 15.452816 | I100: =AVERAGE(H100:H101) -> 15.3199 | J100: =STDEV(H100:H102) -> 8.8459472
D101: 2 | E101: =J21 -> 38.238333 | F101: 40 | G101: 23229 | H101: =G101/(F101*E101) -> 15.186985
D102: 3 | E102: =J21 -> 38.238333 | F102: 40 | H102: =G102/(F102*E102) -> 0
C103: v | D103: 1 | E103: =K22 -> 39.04 | F103: 40 | G103: 9720 | H103: =G103/(F103*E103) -> 6.2243852 | I103: =AVERAGE(H103:H104) -> 6.0578893 | J103: =STDEV(H103:H104) -> 0.23546076
D104: 2 | E104: =K22 -> 39.04 | F104: 40 | G104: 9200 | H104: =G104/(F104*E104) -> 5.8913934
D105: 3 | E105: =K23 -> 39.09 | F105: 40 | H105: =G105/(F105*E105) -> 0
D106: 4 | E106: =K23 -> 39.09 | F106: 40 | H106: =G106/(F106*E106) -> 0
...

Sheet Strength_20%CO2_7 d
J2: Width | N2: Thickness
B3: Direction | C3: Sample | D3: W (mm) | E3: H (mm) | F3: Rupture load (N) | G3: Flex. Tensile Strength (Mpa) | H3: Avg. Flex. Strength (MPa) | I3: Stdev | J3: W1 (mm) | K3: W2 (mm) | L3: W3 (mm) | N3: H1 (mm) | O3: H2 (mm) | P3: H3 (mm) | R3: Mass (kg) | S3: Density (kg/m3) | T3: Stdev
B4: w | C4: 1 | D4: =AVERAGE(J4:L4) -> 29.77 | E4: =AVERAGE(N4:P4) -> 42.466667 | F4: 2393 | G4: =1.5*F4*100/(D4*E4^2) -> 6.6858831 | H4: =AVERAGE(G4:G6) -> 4.9553116 | I4: =STDEV(G4:G6) -> 1.5485748 | J4: 29.36 | K4: 30.1 | L4: 29.85 | N4: 42.8 | O4: 42.6 | P4: 42 | R4: 447.45 | S4: =R4*1000/(D4*E4*0.16) -> 2212.0632
C5: 2 | D5: =AVERAGE(J5:L5) -> 31.816667 | E5: =AVERAGE(N5:P5) -> 41.01 | F5: 1320 | G5: =1.5*F5*100/(D5*E5^2) -> 3.7002492 | J5: 32.38 | K5: 31.96 | L5: 31.11 | N5: 40.84 | O5: 40.83 | P5: 41.36 | R5: 461.85 | S5: =R5*1000/(D5*E5*0.16) -> 2212.2618 | V5: =AVERAGE(S4:S6) -> 2194.2306
C6: 3 | D6: =AVERAGE(J6:L6) -> 28.223333 | E6: =AVERAGE(N6:P6) -> 42.03 | F6: 1489 | G6: =1.5*F6*100/(D6*E6^2) -> 4.4798025 | J6: 29.93 | K6: 28.04 | L6: 26.7 | N6: 41.51 | O6: 42.01 | P6: 42.57 | R6: 409.65 | S6: =R6*1000/(D6*E6*0.16) -> 2158.3669 | T6: =STDEV(S4:S9) -> 72.098361
B7: v | C7: 1 | D7: =AVERAGE(J7:L7) -> 30.163333 | E7: =AVERAGE(N7:P7) -> 43.106667 | F7: 1970 | G7: =1.5*F7*100/(E7*D7^2) -> 7.534499 | H7: =AVERAGE(G7:G9) -> 6.0530736 | I7: =STDEV(G7:G9) -> 1.4193748 | J7: 30.02 | K7: 29.83 | L7: 30.64 | N7: 43.17 | O7: 43.23 | P7: 42.92 | R7: 435.75 | S7: =R7*1000/(D7*E7*0.16) -> 2094.564 | X7: =AVERAGE(V5:V8) -> 2146.1393
C8: 2 | D8: =AVERAGE(J8:L8) -> 30.7 | E8: =AVERAGE(N8:P8) -> 42.076667 | F8: 1565 | G8: =1.5*F8*100/(E8*D8^2) -> 5.919534 | J8: 29.44 | K8: 30.92 | L8: 31.74 | N8: 41.79 | O8: 42.52 | P8: 41.92 | R8: 419.25 | S8: =R8*1000/(D8*E8*0.16) -> 2028.4924 | V8: =AVERAGE(S7:S9) -> 2098.048
C9: 3 | D9: =AVERAGE(J9:L9) -> 29.136667 | E9: =AVERAGE(N9:P9) -> 43.823333 | F9: 1167 | G9: =1.5*F9*100/(E9*D9^2) -> 4.7051879 | J9: 28.88 | K9: 29.04 | L9: 29.49 | N9: 43.71 | O9: 44.21 | P9: 43.55 | R9: 443.55 | S9: =R9*1000/(D9*E9*0.16) -> 2171.0875
B17: Direction | C17: sample | D17: w (mm) | E17: L (mm) | F17: Cr've Load (N) | G17: Cr've Strength (Mpa) | H17: Avg. Cr've. Strength (MPa) | W17: Flexural st (MPa) | Y17: stdev | AF17: Compressive st (MPa) | AH17: stdev
B18: w | C18: 1 | D18: =D4 -> 29.77 | E18: 40 | F18: 37180 | G18: =F18/(E18*D18) -> 31.222707 | H18: =AVERAGE(G18:G23) -> 26.621445 | V18: duration | W18: w | X18: v | Y18: w | Z18: v | AE18: duration | AF18: w | AG18: v | AH18: w | AI18: v
C19: 2 | D19: =D4 -> 29.77 | E19: 40 | F19: 37180 | G19: =F19/(E19*D19) -> 31.222707 | V19: 1 | W19: 4.6 | X19: 5.5 | Y19: ='Strength_20%CO2_1 d'!I5 -> 1.1203027 | Z19: ='Strength_20%CO2_1 d'!I8 -> 0.45915732 | AE19: 1d | AF19: 23.4 | AG19: 33.5 | AH19: ='Strength_20%CO2_1 d'!I18 -> 5.4464233 | AI19: ='Strength_20%CO2_1 d'!I24 -> 6.2983931
C20: 3 | D20: =D5 -> 31.816667 | E20: 40 | F20: 14460 | G20: =F20/(E20*D20) -> 11.36197 | V20: 2 | W20: 4.6 | X20: 5 | Y20: ='Strength_20%CO2_2 d'!I5 -> 0.93782155 | Z20: ='Strength_20%CO2_2 d'!I8 -> 0.81542646 | AE20: 2d | AF20: 32.8 | AG20: 30.4 | AH20: ='Strength_20%CO2_2 d'!I18 -> 2.7748938 | AI20: ='Strength_20%CO2_2 d'!I24 -> 3.985609
C21: 4 | D21: =D5 -> 31.816667 | E21: 40 | F21: 16740 | G21: =F21/(E21*D21) -> 13.153483 | V21: 7_URH | W21: 5 | X21: 6.1 | Y21: =I4 -> 1.5485748 | Z21: =I7 -> 1.4193748 | AE21: 7d_URH | AF21: 33.8 | AG21: 40.1 | AH21: =I35 -> 3.3107705 | AI21: =I40 -> 9.4051884
C22: 5 | D22: =D6 -> 28.223333 | E22: 40 | F22: 39080 | G22: =F22/(E22*D22) -> 34.616747
C23: 6 | D23: =D6 -> 28.223333 | E23: 40 | F23: 43070 | G23: =F23/(E23*D23) -> 38.151057
B24: v | C24: 1 | D24: =E7 -> 43.106667 | E24: 40 | F24: 82660 | G24: =F24/(E24*D24) -> 47.939221 | H24: =AVERAGE(G24:G29) -> 40.090672
C25: 2 | D25: =E7 -> 43.106667 | E25: 40 | F25: 81720 | G25: =F25/(E25*D25) -> 47.394061
C26: 3 | D26: =E8 -> 42.076667 | E26: 40 | F26: 76050 | G26: =F26/(E26*D26) -> 45.185376
C27: 4 | D27: =E8 -> 42.076667 | E27: 40 | F27: 73180 | G27: =F27/(E27*D27) -> 43.480155
C28: 5 | D28: =E9 -> 43.823333 | E28: 40 | F28: 53590 | G28: =F28/(E28*D28) -> 30.571613
C29: 6 | D29: =E9 -> 43.823333 | E29: 40 | F29: 45530 | G29: =F29/(E29*D29) -> 25.973606
C32: Eliminating oulier samples
B33: Direction | C33: sample | D33: w (mm) | E33: L (mm) | F33: Cr've Load (N) | G33: Cr've Strength (Mpa) | H33: Avg. Cr've. Strength (MPa)
B34: w | C34: 1 | D34: =D18 -> 29.77 | E34: 40 | F34: 37180 | G34: =F34/(E34*D34) -> 31.222707 | H34: =AVERAGE(G34:G37) -> 33.803305 | L34: w | M34: =H34 -> 33.803305 | N34: =H4 -> 4.9553116
C35: 2 | D35: =D19 -> 29.77 | E35: 40 | F35: 37180 | G35: =F35/(E35*D35) -> 31.222707 | I35: =STDEV(G34:G37) -> 3.3107705 | L35: v | M35: =H38 -> 40.090672 | N35: =H7 -> 6.0530736
C36: 3 | D36: =D22 -> 28.223333 | E36: 40 | F36: 39080 | G36: =F36/(E36*D36) -> 34.616747
C37: 4 | D37: =D22 -> 28.223333 | E37: 40 | F37: 43070 | G37: =F37/(E37*D37) -> 38.151057
B38: v | C38: 1 | D38: =D24 -> 43.106667 | E38: 40 | F38: 82660 | G38: =F38/(E38*D38) -> 47.939221 | H38: =AVERAGE(G38:G43) -> 40.090672
C39: 2 | D39: =D25 -> 43.106667 | E39: 40 | F39: 81720 | G39: =F39/(E39*D39) -> 47.394061
C40: 3 | D40: =D26 -> 42.076667 | E40: 40 | F40: 76050 | G40: =F40/(E40*D40) -> 45.185376 | I40: =STDEV(G38:G43) -> 9.4051884
C41: 4 | D41: =D27 -> 42.076667 | E41: 40 | F41: 73180 | G41: =F41/(E41*D41) -> 43.480155
C42: 5 | D42: =D28 -> 43.823333 | E42: 40 | F42: 53590 | G42: =F42/(E42*D42) -> 30.571613
C43: 6 | D43: =D29 -> 43.823333 | E43: 40 | F43: 45530 | G43: =F43/(E43*D43) -> 25.973606

Sheet Strength_20%CO2_1 d
J2: Width | N2: Thickness
B3: Direction | C3: Sample | D3: W (mm) | E3: H (mm) | F3: Rupture load (N) | G3: Flex. Tensile Strength (Mpa) | H3: Avg. Flex. Strength (MPa) | I3: Stdev | J3: W1 (mm) | K3: W2 (mm) | L3: W3 (mm) | N3: H1 (mm) | O3: H2 (mm) | P3: H3 (mm) | R3: Mass (kg) | S3: Density (kg/m3)
B4: w | C4: 1 | D4: =AVERAGE(J4:L4) -> 31 | E4: =AVERAGE(N4:P4) -> 37.666667 | F4: 1721 | G4: =1.5*F4*100/(D4*E4^2) -> 5.8694318 | H4: =AVERAGE(G4:G6) -> 4.6073131 | J4: 31 | K4: 31 | L4: 31 | N4: 39 | O4: 37 | P4: 37 | R4: 366.1 | S4: =R4*1000/(D4*E4*0.16) -> 1959.5704
C5: 2 | D5: =AVERAGE(J5:L5) -> 33.333333 | E5: =AVERAGE(N5:P5) -> 40.666667 | F5: 1371 | G5: =1.5*F5*100/(D5*E5^2) -> 3.7305496 | I5: =STDEV(G4:G6) -> 1.1203027 | J5: 33 | K5: 33 | L5: 34 | N5: 40 | O5: 41 | P5: 41 | R5: 392.15 | S5: =R5*1000/(D5*E5*0.16) -> 1808.0686 | V5: =AVERAGE(S4:S6) -> 1856.8506
C6: 3 | D6: =AVERAGE(J6:L6) -> 29.666667 | E6: =AVERAGE(N6:P6) -> 38.333333 | F6: 1227 | G6: =1.5*F6*100/(D6*E6^2) -> 4.2219579 | J6: 29 | K6: 30 | L6: 30 | N6: 39 | O6: 38 | P6: 38 | R6: 328.05 | S6: =R6*1000/(D6*E6*0.16) -> 1802.9128 | T6: =STDEV(S4:S9) -> 88.508577 | Z6: =T6*100/1881.3 -> 4.7046498
B7: v | C7: 1 | D7: =AVERAGE(J7:L7) -> 32.333333 | E7: =AVERAGE(N7:P7) -> 41 | F7: 1730 | G7: =1.5*F7*100/(E7*D7^2) -> 6.0541412 | H7: =AVERAGE(G7:G9) -> 5.5435214 | J7: 32 | K7: 32 | L7: 33 | N7: 40 | O7: 41 | P7: 42 | R7: 424.2 | S7: =R7*1000/(D7*E7*0.16) -> 1999.9371 | X7: =AVERAGE(V5:V8) -> 1907.0449
C8: 2 | D8: =AVERAGE(J8:L8) -> 32.666667 | E8: =AVERAGE(N8:P8) -> 38 | F8: 1463 | G8: =1.5*F8*100/(E8*D8^2) -> 5.4118076 | I8: =STDEV(G7:G9) -> 0.45915732 | J8: 32 | K8: 33 | L8: 33 | N8: 38 | O8: 38 | P8: 38 | R8: 374.1 | S8: =R8*1000/(D8*E8*0.16) -> 1883.5593 | V8: =AVERAGE(S7:S9) -> 1957.2392
C9: 3 | D9: =AVERAGE(J9:L9) -> 33.333333 | E9: =AVERAGE(N9:P9) -> 39 | F9: 1492 | G9: =1.5*F9*100/(E9*D9^2) -> 5.1646154 | J9: 35 | K9: 33 | L9: 32 | N9: 38 | O9: 39 | P9: 40 | R9: 413.55 | S9: =R9*1000/(D9*E9*0.16) -> 1988.2212
B17: Direction | C17: sample | D17: w (mm) | E17: L (mm) | F17: Cr've Load (N) | G17: Cr've Strength (Mpa) | H17: Avg. Cr've. Strength (MPa) | I17: Stdev
B18: w | C18: 1 | D18: =D4 -> 31 | E18: 40 | F18: 40520 | G18: =F18/(E18*D18) -> 32.677419 | H18: =AVERAGE(G18:G23) -> 23.367867 | I18: =STDEV(G18:G23) -> 5.4464233
C19: 2 | D19: =D4 -> 31 | E19: 40 | F19: 32780 | G19: =F19/(E19*D19) -> 26.435484
C20: 3 | D20: =D5 -> 33.333333 | E20: 40 | F20: 27230 | G20: =F20/(E20*D20) -> 20.4225
C21: 4 | D21: =D5 -> 33.333333 | E21: 40 | F21: 24480 | G21: =F21/(E21*D21) -> 18.36
C22: 5 | D22: =D6 -> 29.666667 | E22: 40 | F22: 22630 | G22: =F22/(E22*D22) -> 19.070225
C23: 6 | D23: =D6 -> 29.666667 | E23: 40 | F23: 27580 | G23: =F23/(E23*D23) -> 23.241573
B24: v | C24: 1 | D24: =E7 -> 41 | E24: 40 | F24: 72190 | G24: =F24/(E24*D24) -> 44.018293 | H24: =AVERAGE(G24:G29) -> 33.498405 | I24: =STDEV(G24:G29) -> 6.2983931
C25: 2 | D25: =E7 -> 41 | E25: 40 | F25: 57320 | G25: =F25/(E25*D25) -> 34.95122
C26: 3 | D26: =E8 -> 38 | E26: 40 | F26: 43340 | G26: =F26/(E26*D26) -> 28.513158
C27: 4 | D27: =E8 -> 38 | E27: 40 | F27: 44160 | G27: =F27/(E27*D27) -> 29.052632
C28: 5 | D28: =E9 -> 39 | E28: 40 | F28: 43500 | G28: =F28/(E28*D28) -> 27.884615
C29: 6 | D29: =E9 -> 39 | E29: 40 | F29: 57050 | G29: =F29/(E29*D29) -> 36.570513

Sheet Strength_20%CO2_2 d
J2: Width | N2: Thickness
B3: Direction | C3: Sample | D3: W (mm) | E3: H (mm) | F3: Rupture load (N) | G3: Flex. Tensile Strength (Mpa) | H3: Avg. Flex. Strength (MPa) | I3: Stdev | J3: W1 (mm) | K3: W2 (mm) | L3: W3 (mm) | N3: H1 (mm) | O3: H2 (mm) | P3: H3 (mm) | R3: Mass (kg) | S3: Density (kg/m3)
B4: w | C4: 1 | D4: =AVERAGE(J4:L4) -> 31 | E4: =AVERAGE(N4:P4) -> 39 | F4: 1338 | G4: =1.5*F4*100/(D4*E4^2) -> 4.2565375 | H4: =AVERAGE(G4:G6) -> 4.572584 | J4: 30 | K4: 31 | L4: 32 | N4: 40 | O4: 39 | P4: 38 | R4: 363.15 | S4: =R4*1000/(D4*E4*0.16) -> 1877.3263
C5: 2 | D5: =AVERAGE(J5:L5) -> 37 | E5: =AVERAGE(N5:P5) -> 40 | F5: 1513 | G5: =1.5*F5*100/(D5*E5^2) -> 3.8336149 | I5: =STDEV(G4:G6) -> 0.93782155 | J5: 36 | K5: 37 | L5: 38 | N5: 40 | O5: 40 | P5: 40 | R5: 467.85 | S5: =R5*1000/(D5*E5*0.16) -> 1975.7179 | V5: =AVERAGE(S4:S6) -> 1921.0927
C6: 3 | D6: =AVERAGE(J6:L6) -> 23 | E6: =AVERAGE(N6:P6) -> 39.333333 | F6: 1335 | G6: =1.5*F6*100/(D6*E6^2) -> 5.6275995 | J6: 23 | K6: 23 | L6: 23 | N6: 39 | O6: 39 | P6: 40 | R6: 276.5 | S6: =R6*1000/(D6*E6*0.16) -> 1910.234 | T6: =STDEV(S4:S9) -> 34.831447 | AC6: =T6*100/Z7 -> 1.8514563
B7: v | C7: 1 | D7: =AVERAGE(J7:L7) -> 34 | E7: =AVERAGE(N7:P7) -> 37.333333 | F7: 1345 | G7: =1.5*F7*100/(E7*D7^2) -> 4.6747559 | H7: =AVERAGE(G7:G9) -> 5.0476089 | J7: 34 | K7: 34 | L7: 34 | N7: 40 | O7: 39 | P7: 33 | R7: 385.1 | S7: =R7*1000/(D7*E7*0.16) -> 1896.1725 | X7: =AVERAGE(V5:V8) -> 1914.9641 | Z7: 1881.3
C8: 2 | D8: =AVERAGE(J8:L8) -> 29.333333 | E8: =AVERAGE(N8:P8) -> 39.333333 | F8: 1012 | G8: =1.5*F8*100/(E8*D8^2) -> 4.4852658 | I8: =STDEV(G7:G9) -> 0.81542646 | J8: 30 | K8: 29 | L8: 29 | N8: 39 | O8: 39 | P8: 40 | R8: 356.7 | S8: =R8*1000/(D8*E8*0.16) -> 1932.2395 | V8: =AVERAGE(S7:S9) -> 1908.8355
C9: 3 | D9: =AVERAGE(J9:L9) -> 33.333333 | E9: =AVERAGE(N9:P9) -> 41 | F9: 1817 | G9: =1.5*F9*100/(E9*D9^2) -> 5.9828049 | J9: 33 | K9: 33 | L9: 34 | N9: 41 | O9: 41 | P9: 41 | R9: 415.05 | S9: =R9*1000/(D9*E9*0.16) -> 1898.0945 | Y9: =(X7-Z7)*100/Z7 -> 1.7894074
B17: Direction | C17: sample | D17: w (mm) | E17: L (mm) | F17: Cr've Load (N) | G17: Cr've Strength (Mpa) | H17: Avg. Cr've. Strength (MPa) | I17: stdev
B18: w | C18: 1 | D18: =D4 -> 31 | E18: 40 | F18: 41740 | G18: =F18/(E18*D18) -> 33.66129 | H18: =AVERAGE(G18:G23) -> 32.793434 | I18: =STDEV(G18:G23) -> 2.7748938
C19: 2 | D19: =D4 -> 31 | E19: 40 | F19: 37910 | G19: =F19/(E19*D19) -> 30.572581
C20: 3 | D20: =D5 -> 37 | E20: 40 | F20: 47640 | G20: =F20/(E20*D20) -> 32.189189
C21: 4 | D21: =D5 -> 37 | E21: 40 | F21: 53120 | G21: =F21/(E21*D21) -> 35.891892
C22: 5 | D22: =D6 -> 23 | E22: 40 | F22: 26580 | G22: =F22/(E22*D22) -> 28.891304
C23: 6 | D23: =D6 -> 23 | E23: 40 | F23: 32710 | G23: =F23/(E23*D23) -> 35.554348 | P23: =
B24: v | C24: 1 | D24: =E7 -> 37.333333 | E24: 40 | F24: 45310 | G24: =F24/(E24*D24) -> 30.341518 | H24: =AVERAGE(G24:G29) -> 30.438172 | I24: =STDEV(G24:G29) -> 3.985609
C25: 2 | D25: =E7 -> 37.333333 | E25: 40 | F25: 40710 | G25: =F25/(E25*D25) -> 27.261161
C26: 3 | D26: =E8 -> 39.333333 | E26: 40 | F26: 59590 | G26: =F26/(E26*D26) -> 37.875
C27: 4 | D27: =E8 -> 39.333333 | E27: 40 | F27: 42910 | G27: =F27/(E27*D27) -> 27.273305
C28: 5 | D28: =E9 -> 41 | E28: 40 | F28: 46930 | G28: =F28/(E28*D28) -> 28.615854
C29: 6 | D29: =E9 -> 41 | E29: 40 | F29: 51270 | G29: =F29/(E29*D29) -> 31.262195

Sheet Block Strength_3% CO2_7d
J2: Width | N2: Thickness
B3: Direction | C3: Sample | D3: W (mm) | E3: H (mm) | F3: Rupture load (N) | G3: Flex. Tensile Strength (Mpa) | H3: Avg. Flex. Strength (MPa) | I3: Stdev | J3: W1 (mm) | K3: W2 (mm) | L3: W3 (mm) | N3: H1 (mm) | O3: H2 (mm) | P3: H3 (mm) | R3: Mass (kg) | S3: Density (kg/m3) | Z3: Wi | AA3: W2 | AB3: W3 | AD3: H1 | AE3: H2 | AF3: H3
B4: w | C4: 1 | D4: =AVERAGE(J4:L4) -> 45.666667 | E4: =AVERAGE(N4:P4) -> 36.333333 | F4: 1368 | G4: =1.5*F4*100/(D4*E4^2) -> 3.4038276 | H4: =AVERAGE(G4:G6) -> 1.7898131 | J4: 48 | K4: 46 | L4: 43 | N4: 36 | O4: 36 | P4: 37 | R4: 564.8 | S4: =R4*1000/(D4*E4*0.16) -> 2127.5028 | Y4: =AVERAGE(Z4:AB4) -> 39.666667 | Z4: 38 | AA4: 40 | AB4: 41 | AC4: =AVERAGE(AD4:AF4) -> 52 | AD4: 52 | AE4: 53 | AF4: 51 | AH4: 598.6 | AI4: =AH4*1000/(Y4*AC4*0.15) -> 1934.7123 | AK4: =AVERAGE(AI4:AI5) -> 1947.1929
C5: 2 | D5: =AVERAGE(J5:L5) -> 44.666667 | E5: =AVERAGE(N5:P5) -> 33 | F5: 367 | G5: =1.5*F5*100/(D5*E5^2) -> 1.131738 | I5: =STDEV(G4:G6) -> 1.4056895 | J5: 46 | K5: 45 | L5: 43 | N5: 33 | O5: 33 | P5: 33 | R5: 471.3 | S5: =R5*1000/(D5*E5*0.16) -> 1998.3887 | U5: =AVERAGE(S4:S6) -> 2026.7422 | Y5: =AVERAGE(Z5:AB5) -> 38 | Z5: 36 | AA5: 38 | AB5: 40 | AC5: =AVERAGE(AD5:AF5) -> 54 | AD5: 53 | AE5: 55 | AF5: 54 | AH5: 643.4 | AI5: =AH5*1000/(Y5*AC5*0.16) -> 1959.6735 | AJ5: =STDEV(AI4:AI5) -> 17.650193
C6: 3 | D6: =AVERAGE(J6:L6) -> 44.666667 | E6: =AVERAGE(N6:P6) -> 35.333333 | F6: 310 | G6: =1.5*F6*100/(D6*E6^2) -> 0.83387353 | J6: 46 | K6: 45 | L6: 43 | N6: 36 | O6: 35 | P6: 35 | R6: 493.5 | S6: =R6*1000/(D6*E6*0.16) -> 1954.335
B7: V | C7: 1 | D7: =AVERAGE(J7:L7) -> 47.333333 | E7: =AVERAGE(N7:P7) -> 33.333333 | F7: 1833 | G7: =1.5*F7*100/(E7*D7^2) -> 3.6816356 | H7: =AVERAGE(G7:G8) -> 3.4640631 | J7: 46 | K7: 48 | L7: 48 | N7: 33 | O7: 34 | P7: 33 | R7: 503.4 | S7: =R7*1000/(D7*E7*0.16) -> 1994.1021 | T7: =STDEV(S4:S12) -> 55.447886 | U7: =AVERAGE(S7:S8) -> 2030.6525
C8: 2 | D8: =AVERAGE(J8:L8) -> 43.666667 | E8: =AVERAGE(N8:P8) -> 39.666667 | F8: 1637 | G8: =1.5*F8*100/(E8*D8^2) -> 3.2464906 | I8: =STDEV(G7:G8) -> 0.30769397 | J8: 45 | K8: 44 | L8: 42 | N8: 40 | O8: 41 | P8: 38 | R8: 572.9 | S8: =R8*1000/(D8*E8*0.16) -> 2067.2028 | W8: =AVERAGE(U5:U11) -> 2034.0943
C9: 3 | D9: =AVERAGE(J9:L9) -> 33.333333 | E9: =AVERAGE(N9:P9) -> 41 | F9: 1817 | G9: =1.5*F9*100/(E9*D9^2) -> 5.9828049 | J9: 33 | K9: 33 | L9: 34 | N9: 41 | O9: 41 | P9: 41 | R9: 415.05
B10: U | C10: 1 | D10: =AVERAGE(J10:L10) -> 42.333333 | E10: =AVERAGE(N10:P10) -> 37.333333 | F10: 1120 | G10: =1.5*F10*100/(E10*D10^2) -> 2.511005 | H10: =AVERAGE(G10:G12) -> 2.4093281 | J10: 42 | K10: 42 | L10: 43 | N10: 38 | O10: 37 | P10: 37 | R10: 507.6 | S10: =R10*1000/(D10*E10*0.16) -> 2007.3467
C11: 2 | D11: =AVERAGE(J11:L11) -> 41.333333 | E11: =AVERAGE(N11:P11) -> 34.333333 | F11: 983 | G11: =1.5*F11*100/(E11*D11^2) -> 2.5137839 | I11: =STDEV(G10:G12) -> 0.17852159 | J11: 42 | K11: 41 | L11: 41 | N11: 34 | O11: 34 | P11: 35 | R11: 468.8 | S11: =R11*1000/(D11*E11*0.16) -> 2064.6727 | U11: =AVERAGE(S10:S12) -> 2044.8882
C12: 3 | D12: =AVERAGE(J12:L12) -> 41 | E12: =AVERAGE(N12:P12) -> 42 | F12: 1037 | G12: =1.5*F12*100/(E12*D12^2) -> 2.2031954 | J12: 40 | K12: 41 | L12: 42 | N12: 42 | O12: 42 | P12: 42 | R12: 568.3 | S12: =R12*1000/(D12*E12*0.16) -> 2062.6452
B17: Direction | C17: sample | D17: w (mm) | E17: L (mm) | F17: Cr've Load (N) | G17: Cr've Strength (Mpa) | H17: Avg. Cr've. Strength (MPa)
B18: w | C18: 1 | D18: =D4 -> 45.666667 | E18: 40 | F18: 26670 | G18: =F18/(E18*D18) -> 14.600365 | H18: =AVERAGE(G18:G23) -> 14.1081 | R18: w | S18: 1.8 | T18: 1.4 | V18: 21.9 | W18: 0.9 | Z18: Small-scale | AA18: 1947.2
C19: 2 | D19: =D4 -> 45.666667 | E19: 40 | F19: 24530 | G19: =F19/(E19*D19) -> 13.428832 | R19: v | S19: 3.5 | T19: 0.3 | V19: 19.3 | W19: 1.3 | Z19: Block scale | AA19: 2034.1
C20: 3 | D20: =D5 -> 44.666667 | E20: 40 | F20: 25090 | G20: =F20/(E20*D20) -> 14.04291 | I20: =STDEV(G18:G23) -> 0.4597012 | R20: u | S20: 2.4 | T20: 0.2
C21: 4 | D21: =D5 -> 44.666667 | E21: 40 | F21: 26010 | G21: =F21/(E21*D21) -> 14.557836
C22: 5 | D22: =D6 -> 44.666667 | E22: 40 | F22: 24580 | G22: =F22/(E22*D22) -> 13.757463
C23: 6 | D23: =D6 -> 44.666667 | E23: 40 | F23: 25480 | G23: =F23/(E23*D23) -> 14.261194 | P23: = | R23: w | S23: 14.1 | T23: 0.5 | V23: 5.9 | W23: 1
B24: v | C24: 1 | D24: =E7 -> 33.333333 | E24: 40 | F24: 18440 | G24: =F24/(E24*D24) -> 13.83 | H24: =AVERAGE(G24:G29) -> 12.819354 | R24: v | S24: 12.8 | T24: 3.2 | V24: 6.2 | W24: 1.3
C25: 2 | D25: =E7 -> 33.333333 | E25: 40 | F25: 20210 | G25: =F25/(E25*D25) -> 15.1575 | R25: u | S25: 15.4 | T25: 1.2
C26: 3 | D26: =E8 -> 39.666667 | E26: 40 | F26: 19390 | G26: =F26/(E26*D26) -> 12.220588 | I26: =STDEV(G24:G29) -> 3.1991453
C27: 4 | D27: =E8 -> 39.666667 | E27: 40 | F27: 19670 | G27: =F27/(E27*D27) -> 12.397059
C28: 5 | D28: =E9 -> 41 | E28: 40 | F28: 11650 | G28: =F28/(E28*D28) -> 7.1036585
C29: 6 | D29: =E9 -> 41 | E29: 40 | F29: 26580 | G29: =F29/(E29*D29) -> 16.207317
B30: u | C30: 1 | D30: =D10 -> 42.333333 | E30: 40 | F30: 23830 | G30: =F30/(E30*D30) -> 14.072835 | H30: =AVERAGE(G30:G35) -> 15.410054
C31: 2 | D31: =D10 -> 42.333333 | E31: 40 | F31: 25720 | G31: =F31/(E31*D31) -> 15.188976
C32: 3 | D32: =D11 -> 41.333333 | E32: 40 | F32: 23260 | G32: =F32/(E32*D32) -> 14.068548 | I32: =STDEV(G30:G35) -> 1.16816
C33: 4 | D33: =D11 -> 41.333333 | E33: 40 | F33: 26890 | G33: =F33/(E33*D33) -> 16.264113
C34: 5 | D34: =D12 -> 41 | E34: 40 | F34: 26250 | G34: =F34/(E34*D34) -> 16.006098
C35: 6 | D35: =D12 -> 41 | E35: 40 | F35: 27650 | G35: =F35/(E35*D35) -> 16.859756
