Workbook

Sheet Plan
A1: Udmattelse
A3: prj nummer | B3: 44055 I-1 | J3: dato | K3: emner
A4: Plader: | B4: EQA02 | I4: Modtaget
A5: Geometri: | E5: Med tabs
B6: R= | C6: 0.1 | E6: Frekvens | F6: 5 Hz
B7: Specimen | C7: Width | D7: Thickness | E7: Area | F7: Max strain | G7: E-mod 1. load | H7: E-mod. 2. load | I7: Max load | J7: Min Load | K7: Frequency | L7: Cycles to failure | M7: Comments | N7: Prøvemaskine
A8: Date | B8: # | C8: (mm) | D8: (mm) | E8: (mm2) | F8: (%) | I8: (kN) | J8: (kN) | K8: (Hz)
B9: =+$B$4&"-0"&TEXT((ROW()-8),0) -> EQA02-01 | C9: 25.01 | D9: 4.15 | E9: =+C9*D9 -> 103.7915 | F9: _ | G9: 38.55 | H9: _ | I9: 105.5 | J9: _ | K9: 5 | L9: 1 | M9: Static | N9: 88R1342
B10: =+$B$4&"-0"&TEXT((ROW()-8),0) -> EQA02-02 | C10: 25.19 | D10: 4.35 | E10: =+C10*D10 -> 109.5765 | F10: _ | G10: 37.66 | H10: _ | I10: 108.6 | J10: _ | K10: 5 | L10: 1 | M10: Static | N10: 88R1342
A11: 42216 | B11: =+$B$4&"-0"&TEXT((ROW()-8),0) -> EQA02-03 | C11: 25.21 | D11: 4.36 | E11: =+C11*D11 -> 109.9156 | F11: 1 | G11: 38.208 | H11: 38.07 | I11: 41.84 | J11: 4.18 | K11: 5 | L11: 36156 | M11: Fatige | N11: 88R1342
A12: 42219 | B12: =+$B$4&"-0"&TEXT((ROW()-8),0) -> EQA02-04 | C12: 25.19 | D12: 4.25 | E12: =+C12*D12 -> 107.0575 | F12: 0.9 | G12: 38.71 | H12: 38.5 | I12: 37.1 | J12: 3.71 | K12: 5 | L12: 83871 | M12: Fatige | N12: 88R1342
A13: 42219 | B13: =+$B$4&"-0"&TEXT((ROW()-8),0) -> EQA02-05 | C13: 25.18 | D13: 4.21 | E13: =+C13*D13 -> 106.0078 | F13: 0.8 | G13: 38.75 | H13: 38.72 | I13: 32.84 | J13: 3.28 | K13: 5 | L13: 130906 | M13: Fatige | N13: 88R1331
A14: 42221 | B14: =+$B$4&"-0"&TEXT((ROW()-8),0) -> EQA02-06 | C14: 25.2 | D14: 4.28 | E14: =+C14*D14 -> 107.856 | F14: 1.1 | G14: 37.89 | H14: 37.62 | I14: 44.63 | J14: 4.46 | K14: 5 | L14: 24379 | M14: Fatigue | N14: 88R1331
B15: =+$B$4&"-0"&TEXT((ROW()-8),0) -> EQA02-07 | C15: 25.19 | D15: 4.13 | E15: =+C15*D15 -> 104.0347 | K15: 5
B16: =+$B$4&"-0"&TEXT((ROW()-8),0) -> EQA02-08 | C16: 25.26 | D16: 4.28 | E16: =+C16*D16 -> 108.1128 | K16: 5
A17: 42219 | B17: =+$B$4&"-0"&TEXT((ROW()-8),0) -> EQA02-09 | C17: 25.25 | D17: 4.27 | E17: =+C17*D17 -> 107.8175 | F17: 0.7 | G17: 37.93 | H17: 38.36 | I17: 28.95 | J17: 2.9 | K17: 5 | L17: 255387 | M17: Fatigue | N17: 88R1342
A18: 42220 | B18: =+$B$4&"-"&TEXT((ROW()-8),0) -> EQA02-10 | C18: 25.27 | D18: 4.27 | E18: =+C18*D18 -> 107.9029 | F18: 0.6 | G18: 38.67 | H18: 38.76 | I18: 25.1 | J18: 2.51 | K18: 5 | L18: 596316 | M18: Fatigue | N18: 88R1342
A19: 42220 | B19: =+$B$4&"-"&TEXT((ROW()-8),0) -> EQA02-11 | C19: 25.28 | D19: 4.09 | E19: =+C19*D19 -> 103.3952 | F19: 0.55 | G19: 39.8 | H19: 39.9 | I19: 22.68 | J19: 2.27 | K19: 5 | L19: 2500000 | M19: Runout | N19: 88R8501
B20: =+$B$4&"-"&TEXT((ROW()-8),0) -> EQA02-12 | C20: 25.26 | D20: 4.18 | E20: =+C20*D20 -> 105.5868 | F20: _ | G20: 38.97 | H20: _ | I20: 100.7 | J20: _ | K20: 5 | L20: 1 | M20: Static | N20: 88R1342
G22: =AVERAGE(G11:G20) -> 38.616 | H22: =AVERAGE(H11:H20) -> 38.561429

Sheet Results
A1: =+Plan!A1 -> Udmattelse | D1: =B4&" Fatigue test" -> EQA02 Fatigue test
A3: =+Plan!A3 -> prj nummer
A4: =+Plan!A4 -> Plader: | B4: =+Plan!B4 -> EQA02
A5: =+Plan!A5 -> Geometri:
C6: =+Plan!B6 -> R= | D6: =+Plan!C6 -> 0.1 | E6: =+Plan!E6 -> Frekvens | F6: =+Plan!F6 -> 5 Hz | N6: From Ten and Fat Datafiles | U6: Matlab "DataAnalysis"
A7: Date | B7: Specimen | C7: Width | D7: Thickness | E7: Area | F7: Cycles to failure | G7: Abs Max strain | H7: Strain Range | I7: Peak stress | J7: Max load | K7: Min Load | L7: Mean Load | M7: Amplitude | N7: Ini Emod | O7: E-mod | P7: E-mod 1 | Q7: E-mod 2 | R7: Bending ratio | S7: Comments | U7: From Ten-files
B8: # | C8: (mm) | D8: (mm) | E8: (mm2) | G8: (%) | H8: (%) | I8: (MPa) | J8: (kN) | K8: (kN) | L8: (kN) | M8: (kN) | N8: (GPa) | O8: (GPa) | P8: (GPa) | Q8: (GPa) | R8: |E1+E2|/|E1+E2| | T8: Spec. | U8: Modulus a [GPa]: | V8: Modulus b [GPa]: | W8: Modulus a1 [GPa]: | X8: Modulus b1 [GPa]: | Y8: Modulus a2 [GPa]: | Z8: Modulus b2 [GPa]:
A9: =+Plan!A9 -> 0 | B9: =+Plan!B9 -> EQA02-01 | C9: =+Plan!C9 -> 25.01 | D9: =+Plan!D9 -> 4.15 | E9: =+Plan!E9 -> 103.7915 | F9: =+Plan!L9 -> 1 | G9: =+Plan!F9 -> _ | H9: =IF(ISNUMBER(G9),+G9*(1-$D$6),"") | I9: =+J9/E9*1000 -> #VALUE! | J9: =+O9*G9*E9/100 -> #VALUE! | K9: =+J9*$D$6 -> #VALUE! | L9: =+(J9+K9)/2 -> #VALUE! | M9: =+(J9-K9)/2 -> #VALUE! | N9: =+U9 -> 0 | O9: =+V9 -> 0 | P9: =+X9 -> 0 | Q9: =+Z9 -> 0 | R9: =+ABS(P9-Q9)/(P9+Q9) -> #DIV/0! | S9: =+Plan!N9 -> 88R1342
A10: =+Plan!A10 -> 0 | B10: =+Plan!B10 -> EQA02-02 | C10: =+Plan!C10 -> 25.19 | D10: =+Plan!D10 -> 4.35 | E10: =+Plan!E10 -> 109.5765 | F10: =+Plan!L10 -> 1 | G10: =+Plan!F10 -> _ | H10: =IF(ISNUMBER(G10),+G10*(1-$D$6),"") | I10: =+J10/C10/D10*1000 -> #VALUE! | J10: =+O10*G10*E10/100 -> #VALUE! | K10: =+J10*$D$6 -> #VALUE! | L10: =+(J10+K10)/2 -> #VALUE! | M10: =+(J10-K10)/2 -> #VALUE! | N10: =+U10 -> 0 | O10: =+V10 -> 0 | P10: =+X10 -> 0 | Q10: =+Z10 -> 0 | R10: =+ABS(P10-Q10)/(P10+Q10) -> #DIV/0! | S10: =+Plan!N10 -> 88R1342
A11: =+Plan!A11 -> 42216 | B11: =+Plan!B11 -> EQA02-03 | C11: =+Plan!C11 -> 25.21 | D11: =+Plan!D11 -> 4.36 | E11: =+Plan!E11 -> 109.9156 | F11: =+Plan!L11 -> 36156 | G11: =+Plan!F11 -> 1 | H11: =IF(ISNUMBER(G11),+G11*(1-$D$6),"") -> 0.9 | I11: =+J11/C11/D11*1000 -> 0 | J11: =+O11*G11*E11/100 -> 0 | K11: =+J11*$D$6 -> 0 | L11: =+(J11+K11)/2 -> 0 | M11: =+(J11-K11)/2 -> 0 | N11: =+U11 -> 0 | O11: =+V11 -> 0 | P11: =+X11 -> 0 | Q11: =+Z11 -> 0 | R11: =+ABS(P11-Q11)/(P11+Q11) -> #DIV/0! | S11: =+Plan!N11 -> 88R1342
A12: =+Plan!A12 -> 42219 | B12: =+Plan!B12 -> EQA02-04 | C12: =+Plan!C12 -> 25.19 | D12: =+Plan!D12 -> 4.25 | E12: =+Plan!E12 -> 107.0575 | F12: =+Plan!L12 -> 83871 | G12: =+Plan!F12 -> 0.9 | H12: =IF(ISNUMBER(G12),+G12*(1-$D$6),"") -> 0.81 | I12: =+J12/C12/D12*1000 -> 0 | J12: =+O12*G12*E12/100 -> 0 | K12: =+J12*$D$6 -> 0 | L12: =+(J12+K12)/2 -> 0 | M12: =+(J12-K12)/2 -> 0 | N12: =+U12 -> 0 | O12: =+V12 -> 0 | P12: =+X12 -> 0 | Q12: =+Z12 -> 0 | R12: =+ABS(P12-Q12)/(P12+Q12) -> #DIV/0! | S12: =+Plan!N12 -> 88R1342
A13: =+Plan!A13 -> 42219 | B13: =+Plan!B13 -> EQA02-05 | C13: =+Plan!C13 -> 25.18 | D13: =+Plan!D13 -> 4.21 | E13: =+Plan!E13 -> 106.0078 | F13: =+Plan!L13 -> 130906 | G13: =+Plan!F13 -> 0.8 | H13: =IF(ISNUMBER(G13),+G13*(1-$D$6),"") -> 0.72 | I13: =+J13/C13/D13*1000 -> 0 | J13: =+O13*G13*E13/100 -> 0 | K13: =+J13*$D$6 -> 0 | L13: =+(J13+K13)/2 -> 0 | M13: =+(J13-K13)/2 -> 0 | R13: =+ABS(P13-Q13)/(P13+Q13) -> #DIV/0! | S13: =+Plan!N13 -> 88R1331
A14: =+Plan!A14 -> 42221 | B14: =+Plan!B14 -> EQA02-06 | C14: =+Plan!C14 -> 25.2 | D14: =+Plan!D14 -> 4.28 | E14: =+Plan!E14 -> 107.856 | F14: =+Plan!L14 -> 24379 | G14: =+Plan!F14 -> 1.1 | H14: =IF(ISNUMBER(G14),+G14*(1-$D$6),"") -> 0.99 | I14: =+J14/C14/D14*1000 -> 0 | J14: =+O14*G14*E14/100 -> 0 | K14: =+J14*$D$6 -> 0 | L14: =+(J14+K14)/2 -> 0 | M14: =+(J14-K14)/2 -> 0 | R14: =+ABS(P14-Q14)/(P14+Q14) -> #DIV/0! | S14: =+Plan!N14 -> 88R1331
A15: =+Plan!A15 -> 0 | B15: =+Plan!B15 -> EQA02-07 | C15: =+Plan!C15 -> 25.19 | D15: =+Plan!D15 -> 4.13 | E15: =+Plan!E15 -> 104.0347 | F15: =+Plan!L15 -> 0 | G15: =+Plan!F15 -> 0 | H15: =IF(ISNUMBER(G15),+G15*(1-$D$6),"") -> 0 | I15: =+J15/C15/D15*1000 -> 0 | J15: =+O15*G15*E15/100 -> 0 | K15: =+J15*$D$6 -> 0 | L15: =+(J15+K15)/2 -> 0 | M15: =+(J15-K15)/2 -> 0 | R15: =+ABS(P15-Q15)/(P15+Q15) -> #DIV/0! | S15: =+Plan!N15 -> 0
A16: =+Plan!A16 -> 0 | B16: =+Plan!B16 -> EQA02-08 | C16: =+Plan!C16 -> 25.26 | D16: =+Plan!D16 -> 4.28 | E16: =+Plan!E16 -> 108.1128 | F16: =+Plan!L16 -> 0 | G16: =+Plan!F16 -> 0 | H16: =IF(ISNUMBER(G16),+G16*(1-$D$6),"") -> 0 | I16: =+J16/C16/D16*1000 -> 0 | J16: =+O16*G16*E16/100 -> 0 | K16: =+J16*$D$6 -> 0 | L16: =+(J16+K16)/2 -> 0 | M16: =+(J16-K16)/2 -> 0 | R16: =+ABS(P16-Q16)/(P16+Q16) -> #DIV/0! | S16: =+Plan!N16 -> 0
A17: =+Plan!A17 -> 42219 | B17: =+Plan!B17 -> EQA02-09 | C17: =+Plan!C17 -> 25.25 | D17: =+Plan!D17 -> 4.27 | E17: =+Plan!E17 -> 107.8175 | F17: =+Plan!L17 -> 255387 | G17: =+Plan!F17 -> 0.7 | H17: =IF(ISNUMBER(G17),+G17*(1-$D$6),"") -> 0.63 | I17: =+J17/C17/D17*1000 -> 0 | J17: =+O17*G17*E17/100 -> 0 | K17: =+J17*$D$6 -> 0 | L17: =+(J17+K17)/2 -> 0 | M17: =+(J17-K17)/2 -> 0 | R17: =+ABS(P17-Q17)/(P17+Q17) -> #DIV/0! | S17: =+Plan!N17 -> 88R1342
A18: =+Plan!A18 -> 42220 | B18: =+Plan!B18 -> EQA02-10 | C18: =+Plan!C18 -> 25.27 | D18: =+Plan!D18 -> 4.27 | E18: =+Plan!E18 -> 107.9029 | F18: =+Plan!L18 -> 596316 | G18: =+Plan!F18 -> 0.6 | H18: =IF(ISNUMBER(G18),+G18*(1-$D$6),"") -> 0.54 | I18: =+J18/C18/D18*1000 -> 0 | J18: =+O18*G18*E18/100 -> 0 | K18: =+J18*$D$6 -> 0 | L18: =+(J18+K18)/2 -> 0 | M18: =+(J18-K18)/2 -> 0 | R18: =+ABS(P18-Q18)/(P18+Q18) -> #DIV/0! | S18: =+Plan!N18 -> 88R1342
A19: =+Plan!A19 -> 42220 | B19: =+Plan!B19 -> EQA02-11 | C19: =+Plan!C19 -> 25.28 | D19: =+Plan!D19 -> 4.09 | E19: =+Plan!E19 -> 103.3952 | F19: =+Plan!L19 -> 2500000 | G19: =+Plan!F19 -> 0.55 | H19: =IF(ISNUMBER(G19),+G19*(1-$D$6),"") -> 0.495 | I19: =+J19/C19/D19*1000 -> 0 | J19: =+O19*G19*E19/100 -> 0 | K19: =+J19*$D$6 -> 0 | L19: =+(J19+K19)/2 -> 0 | M19: =+(J19-K19)/2 -> 0 | R19: =+ABS(P19-Q19)/(P19+Q19) -> #DIV/0! | S19: =+Plan!N19 -> 88R8501
A21: SN-Curve | B21: Astm Stat | H21: Modulus (Gpa) | I21: Cycles @ 1% max strain
A22: Cycles | B22: Max Strain | C22: Cycles | D22: Strain Range | E22: Cycles | F22: Max Stress | G22: =+B4 -> EQA02 | H22: =+Plan!H22 -> 38.561429 | I22: =+'ASTM E739 stat (Max Strain)'!J13 -> 40534.605
A23: =+F9 -> 1 | B23: =+G9 -> _ | C23: =+F9 -> 1 | D23: =+H9 | E23: =+F9 -> 1 | F23: =+I9 -> #VALUE!
A24: =+F10 -> 1 | B24: =+G10 -> _ | C24: =+F10 -> 1 | D24: =+H10 | E24: =+F10 -> 1 | F24: =+I10 -> #VALUE!
A25: =+F11 -> 36156 | B25: =+G11 -> 1 | C25: =+F11 -> 36156 | D25: =+H11 -> 0.9 | E25: =+F11 -> 36156 | F25: =+I11 -> 0
A26: =+F12 -> 83871 | B26: =+G12 -> 0.9 | C26: =+F12 -> 83871 | D26: =+H12 -> 0.81 | E26: =+F12 -> 83871 | F26: =+I12 -> 0
A27: =+F13 -> 130906 | B27: =+G13 -> 0.8 | C27: =+F13 -> 130906 | D27: =+H13 -> 0.72 | E27: =+F13 -> 130906 | F27: =+I13 -> 0
A28: =+F14 -> 24379 | B28: =+G14 -> 1.1 | C28: =+F14 -> 24379 | D28: =+H14 -> 0.99 | E28: =+F14 -> 24379 | F28: =+I14 -> 0
A29: =+F15 -> 0 | B29: =+G15 -> 0 | C29: =+F15 -> 0 | D29: =+H15 -> 0 | E29: =+F15 -> 0 | F29: =+I15 -> 0
A30: =+F16 -> 0 | B30: =+G16 -> 0 | C30: =+F16 -> 0 | D30: =+H16 -> 0 | E30: =+F16 -> 0 | F30: =+I16 -> 0
A31: =+F17 -> 255387 | B31: =+G17 -> 0.7 | C31: =+F17 -> 255387 | D31: =+H17 -> 0.63 | E31: =+F17 -> 255387 | F31: =+I17 -> 0
A32: =+F18 -> 596316 | B32: =+G18 -> 0.6 | C32: =+F18 -> 596316 | D32: =+H18 -> 0.54 | E32: =+F18 -> 596316 | F32: =+I18 -> 0
A33: =+F19 -> 2500000 | B33: =+G19 -> 0.55 | C33: =+F19 -> 2500000 | D33: =+H19 -> 0.495 | E33: =+F19 -> 2500000 | F33: =+I19 -> 0

Sheet ASTM E739 stat (Max Strain)
A1: SN Points | C1: X | D1: Y | E1: X^2 | F1: Y^2 | G1: X*Y | H1: N | I1: =COUNT(C:C) -> 6 | M1: X | N1: YHAT | O1: X | P1: Xconfi | Q1: Yavg | R1: Y1 | S1: Y2 | T1: SN-line | V1: Lower conf | X1: Upper Conf | Z1: SUMMARY OUTPUT
H2: SUMX | I2: =SUM(C:C) -> -0.47802553 | M2: =+C2 -> 0 | N2: =+$I$13+$I$12*M2 -> 4.6078259 | O2: =LOG($I$19+($I$20-$I$19)*(ROW()-2)/100) -> -0.25963731 | P2: =SQRT(2*$I$16*$K$24)*SQRT((1/$I$1)+((O2-$I$10)^2/$I$7)) -> 0.1555675 | Q2: =+$I$13+$I$12*O2 -> 5.9773598 | R2: =+$I$13+$I$12*O2-P2 -> 5.8217923 | S2: =+$I$13+$I$12*O2+P2 -> 6.1329273 | T2: =10^Q2 -> 949204.59 | U2: =10^$O2 -> 0.55 | V2: =10^R2 -> 663425.75 | W2: =10^$O2 -> 0.55 | X2: =10^S2 -> 1358086.2 | Y2: =10^$O2 -> 0.55
H3: SUMY | I3: =SUM(D:D) -> 30.168443 | M3: =+C3 -> 0 | N3: =+$I$13+$I$12*M3 -> 4.6078259 | O3: =LOG($I$19+($I$20-$I$19)*(ROW()-2)/100) -> -0.25531594 | P3: =SQRT(2*$I$16*$K$24)*SQRT((1/$I$1)+((O3-$I$10)^2/$I$7)) -> 0.15258324 | Q3: =+$I$13+$I$12*O3 -> 5.9545655 | R3: =+$I$13+$I$12*O3-P3 -> 5.8019822 | S3: =+$I$13+$I$12*O3+P3 -> 6.1071487 | T3: =10^Q3 -> 900669.51 | U3: =10^O3 -> 0.5555 | V3: =10^R3 -> 633843.77 | W3: =10^$O3 -> 0.5555 | X3: =10^S3 -> 1279819.4 | Y3: =10^$O3 -> 0.5555 | Z3: Regression Statistics
A4: =+Results!B25 -> 1 | B4: =+Results!A25 -> 36156 | C4: =LOG(A4) -> 0 | D4: =LOG(B4) -> 4.5581804 | E4: =+C4^2 -> 0 | F4: =+D4^2 -> 20.777008 | G4: =+C4*D4 -> 0 | H4: SUMXX | I4: =SUM(E:E) -> 0.086410138 | M4: =+C4 -> 0 | N4: =+$I$13+$I$12*M4 -> 4.6078259 | O4: =LOG($I$19+($I$20-$I$19)*(ROW()-2)/100) -> -0.25103714 | P4: =SQRT(2*$I$16*$K$24)*SQRT((1/$I$1)+((O4-$I$10)^2/$I$7)) -> 0.14964331 | Q4: =+$I$13+$I$12*O4 -> 5.9319957 | R4: =+$I$13+$I$12*O4-P4 -> 5.7823524 | S4: =+$I$13+$I$12*O4+P4 -> 6.081639 | T4: =10^Q4 -> 855058.2 | U4: =10^O4 -> 0.561 | V4: =10^R4 -> 605832.22 | W4: =10^$O4 -> 0.561 | X4: =10^S4 -> 1206810.2 | Y4: =10^$O4 -> 0.561 | Z4: Multiple R | AA4: 0.88244047
A5: =+Results!B26 -> 0.9 | B5: =+Results!A26 -> 83871 | C5: =LOG(A5) -> -0.045757491 | D5: =LOG(B5) -> 4.9236118 | E5: =+C5^2 -> 0.0020937479 | F5: =+D5^2 -> 24.241953 | G5: =+C5*D5 -> -0.22529212 | H5: SUMYY | I5: =SUM(F:F) -> 153.04207 | M5: =+C5 -> -0.045757491 | N5: =+$I$13+$I$12*M5 -> 4.8491874 | O5: =LOG($I$19+($I$20-$I$19)*(ROW()-2)/100) -> -0.24680009 | P5: =SQRT(2*$I$16*$K$24)*SQRT((1/$I$1)+((O5-$I$10)^2/$I$7)) -> 0.1467476 | Q5: =+$I$13+$I$12*O5 -> 5.9096461 | R5: =+$I$13+$I$12*O5-P5 -> 5.7628985 | S5: =+$I$13+$I$12*O5+P5 -> 6.0563937 | T5: =10^Q5 -> 812168.4 | U5: =10^O5 -> 0.5665 | V5: =10^R5 -> 579293.28 | W5: =10^$O5 -> 0.5665 | X5: =10^S5 -> 1138659 | Y5: =10^$O5 -> 0.5665 | Z5: R Square | AA5: 0.77870118
A6: =+Results!B27 -> 0.8 | B6: =+Results!A27 -> 130906 | C6: =LOG(A6) -> -0.096910013 | D6: =LOG(B6) -> 5.1169596 | E6: =+C6^2 -> 0.0093915506 | F6: =+D6^2 -> 26.183275 | G6: =+C6*D6 -> -0.49588462 | H6: SUMXY | I6: =SUM(G:G) -> -2.6584543 | M6: =+C6 -> -0.096910013 | N6: =+$I$13+$I$12*M6 -> 5.1190065 | O6: =LOG($I$19+($I$20-$I$19)*(ROW()-2)/100) -> -0.24260397 | P6: =SQRT(2*$I$16*$K$24)*SQRT((1/$I$1)+((O6-$I$10)^2/$I$7)) -> 0.14389601 | Q6: =+$I$13+$I$12*O6 -> 5.8875124 | R6: =+$I$13+$I$12*O6-P6 -> 5.7436164 | S6: =+$I$13+$I$12*O6+P6 -> 6.0314085 | T6: =10^Q6 -> 771813.62 | U6: =10^O6 -> 0.572 | V6: =10^R6 -> 554136.07 | W6: =10^$O6 -> 0.572 | X6: =10^S6 -> 1075000 | Y6: =10^$O6 -> 0.572 | Z6: Adjusted R Square | AA6: 0.75103883
A7: =+Results!B28 -> 1.1 | B7: =+Results!A28 -> 24379 | C7: =LOG(A7) -> 0.041392685 | D7: =LOG(B7) -> 4.3870159 | E7: =+C7^2 -> 0.0017133544 | F7: =+D7^2 -> 19.245908 | G7: =+C7*D7 -> 0.18159037 | H7: SAKX | I7: =+I4-I2^2/$I$1 -> 0.048325404 | M7: =+C7 -> 0.041392685 | N7: =+$I$13+$I$12*M7 -> 4.389488 | O7: =LOG($I$19+($I$20-$I$19)*(ROW()-2)/100) -> -0.23844801 | P7: =SQRT(2*$I$16*$K$24)*SQRT((1/$I$1)+((O7-$I$10)^2/$I$7)) -> 0.14108852 | Q7: =+$I$13+$I$12*O7 -> 5.8655906 | R7: =+$I$13+$I$12*O7-P7 -> 5.7245021 | S7: =+$I$13+$I$12*O7+P7 -> 6.0066791 | T7: =10^Q7 -> 733821.78 | U7: =10^O7 -> 0.5775 | V7: =10^R7 -> 530276.13 | W7: =10^$O7 -> 0.5775 | X7: =10^S7 -> 1015498.1 | Y7: =10^$O7 -> 0.5775 | Z7: Standard Error | AA7: 4.8757094
H8: SAKY (SAKtotal) | I8: =+I5-I3^2/$I$1 -> 1.3529146 | M8: =+C8 -> 0 | N8: =+$I$13+$I$12*M8 -> 4.6078259 | O8: =LOG($I$19+($I$20-$I$19)*(ROW()-2)/100) -> -0.23433145 | P8: =SQRT(2*$I$16*$K$24)*SQRT((1/$I$1)+((O8-$I$10)^2/$I$7)) -> 0.13832513 | Q8: =+$I$13+$I$12*O8 -> 5.8438765 | R8: =+$I$13+$I$12*O8-P8 -> 5.7055514 | S8: =+$I$13+$I$12*O8+P8 -> 5.9822017 | T8: =10^Q8 -> 698033.95 | U8: =10^O8 -> 0.583 | V8: =10^R8 -> 507634.84 | W8: =10^$O8 -> 0.583 | X8: =10^S8 -> 959846.27 | Y8: =10^$O8 -> 0.583 | Z8: Observations | AA8: 10
H9: SAPXY | I9: =+I6-I2*I3/$I$1 -> -0.25490665 | M9: =+C9 -> 0 | N9: =+$I$13+$I$12*M9 -> 4.6078259 | O9: =LOG($I$19+($I$20-$I$19)*(ROW()-2)/100) -> -0.23025353 | P9: =SQRT(2*$I$16*$K$24)*SQRT((1/$I$1)+((O9-$I$10)^2/$I$7)) -> 0.1356059 | Q9: =+$I$13+$I$12*O9 -> 5.8223664 | R9: =+$I$13+$I$12*O9-P9 -> 5.6867605 | S9: =+$I$13+$I$12*O9+P9 -> 5.9579723 | T9: =10^Q9 -> 664303.27 | U9: =10^O9 -> 0.5885 | V9: =10^R9 -> 486139.03 | W9: =10^$O9 -> 0.5885 | X9: =10^S9 -> 907762.61 | Y9: =10^$O9 -> 0.5885
A10: =+Results!B31 -> 0.7 | B10: =+Results!A31 -> 255387 | C10: =LOG(A10) -> -0.15490196 | D10: =LOG(B10) -> 5.4071988 | E10: =+C10^2 -> 0.023994617 | F10: =+D10^2 -> 29.237799 | G10: =+C10*D10 -> -0.83758569 | H10: XMEAN | I10: =+I2/$I$1 -> -0.079670921 | M10: =+C10 -> -0.15490196 | N10: =+$I$13+$I$12*M10 -> 5.4249022 | O10: =LOG($I$19+($I$20-$I$19)*(ROW()-2)/100) -> -0.22621356 | P10: =SQRT(2*$I$16*$K$24)*SQRT((1/$I$1)+((O10-$I$10)^2/$I$7)) -> 0.13293093 | Q10: =+$I$13+$I$12*O10 -> 5.8010563 | R10: =+$I$13+$I$12*O10-P10 -> 5.6681254 | S10: =+$I$13+$I$12*O10+P10 -> 5.9339873 | T10: =10^Q10 -> 632493.89 | U10: =10^O10 -> 0.594 | V10: =10^R10 -> 465720.55 | W10: =10^$O10 -> 0.594 | X10: =10^S10 -> 858988.33 | Y10: =10^$O10 -> 0.594 | Z10: ANOVA
A11: =+Results!B32 -> 0.6 | B11: =+Results!A32 -> 596316 | C11: =LOG(A11) -> -0.22184875 | D11: =LOG(B11) -> 5.7754765 | E11: =+C11^2 -> 0.049216868 | F11: =+D11^2 -> 33.356128 | G11: =+C11*D11 -> -1.2812822 | H11: YMEAN | I11: =+I3/$I$1 -> 5.0280738 | M11: =+C11 -> -0.22184875 | N11: =+$I$13+$I$12*M11 -> 5.7780329 | O11: =LOG($I$19+($I$20-$I$19)*(ROW()-2)/100) -> -0.22221081 | P11: =SQRT(2*$I$16*$K$24)*SQRT((1/$I$1)+((O11-$I$10)^2/$I$7)) -> 0.13030039 | Q11: =+$I$13+$I$12*O11 -> 5.7799427 | R11: =+$I$13+$I$12*O11-P11 -> 5.6496423 | S11: =+$I$13+$I$12*O11+P11 -> 5.9102431 | T11: =10^Q11 -> 602480.07 | U11: =10^O11 -> 0.5995 | V11: =10^R11 -> 446315.83 | W11: =10^$O11 -> 0.5995 | X11: =10^S11 -> 813285.58 | Y11: =10^$O11 -> 0.5995 | AA11: df | AB11: SS | AC11: MS | AD11: F | AE11: Significance F
A12: =+Results!B33 -> 0.55 | B12: =+Results!A33 -> 2500000 | H12: A1 | I12: =+I9/I7 -> -5.2747961 | J12: =+I12 -> -5.2747961 | K12: =1/J12 -> -0.18958079 | M12: =+C12 -> 0 | N12: =+$I$13+$I$12*M12 -> 4.6078259 | O12: =LOG($I$19+($I$20-$I$19)*(ROW()-2)/100) -> -0.21824463 | P12: =SQRT(2*$I$16*$K$24)*SQRT((1/$I$1)+((O12-$I$10)^2/$I$7)) -> 0.12771447 | Q12: =+$I$13+$I$12*O12 -> 5.7590219 | R12: =+$I$13+$I$12*O12-P12 -> 5.6313074 | S12: =+$I$13+$I$12*O12+P12 -> 5.8867363 | T12: =10^Q12 -> 574145.35 | U12: =10^O12 -> 0.605 | V12: =10^R12 -> 427865.61 | W12: =10^$O12 -> 0.605 | X12: =10^S12 -> 770435.57 | Y12: =10^$O12 -> 0.605 | Z12: Regression | AA12: 1 | AB12: 669.20218 | AC12: 669.20218 | AD12: 28.150215 | AE12: 0.00072341619
H13: A0 | I13: =+I11-I12*I10 -> 4.6078259 | J13: =10^I13 -> 40534.605 | K13: =+J13^J12 -> 4.9505961e-25 | M13: =+C13 -> 0 | N13: =+$I$13+$I$12*M13 -> 4.6078259 | O13: =LOG($I$19+($I$20-$I$19)*(ROW()-2)/100) -> -0.21431433 | P13: =SQRT(2*$I$16*$K$24)*SQRT((1/$I$1)+((O13-$I$10)^2/$I$7)) -> 0.12517345 | Q13: =+$I$13+$I$12*O13 -> 5.7382904 | R13: =+$I$13+$I$12*O13-P13 -> 5.6131169 | S13: =+$I$13+$I$12*O13+P13 -> 5.8634638 | T13: =10^Q13 -> 547381.8 | U13: =10^O13 -> 0.6105 | V13: =10^R13 -> 410314.54 | W13: =10^$O13 -> 0.6105 | X13: =10^S13 -> 730236.96 | Y13: =10^$O13 -> 0.6105 | Z13: Residual | AA13: 8 | AB13: 190.18034 | AC13: 23.772542
H14: R2 | I14: =+I9^2/(I7*I8) -> 0.99384002 | J14: ="(X="&TEXT(J13,"0.0")&"Y^"&TEXT(J12,"0.00")&")" -> (X=40534.6Y^-5.27) | M14: =+C14 -> 0 | N14: =+$I$13+$I$12*M14 -> 4.6078259 | O14: =LOG($I$19+($I$20-$I$19)*(ROW()-2)/100) -> -0.21041929 | P14: =SQRT(2*$I$16*$K$24)*SQRT((1/$I$1)+((O14-$I$10)^2/$I$7)) -> 0.12267764 | Q14: =+$I$13+$I$12*O14 -> 5.7177448 | R14: =+$I$13+$I$12*O14-P14 -> 5.5950672 | S14: =+$I$13+$I$12*O14+P14 -> 5.8404224 | T14: =10^Q14 -> 522089.3 | U14: =10^O14 -> 0.616 | V14: =10^R14 -> 393610.94 | W14: =10^$O14 -> 0.616 | X14: =10^S14 -> 692504.23 | Y14: =10^$O14 -> 0.616 | Z14: Total | AA14: 9 | AB14: 859.38251
H15: T-VALUE | I15: =VLOOKUP($J$24,$H$33:$J$69,2) -> 2.7764 | M15: =+C15 -> 0 | N15: =+$I$13+$I$12*M15 -> 4.6078259 | O15: =LOG($I$19+($I$20-$I$19)*(ROW()-2)/100) -> -0.20655887 | P15: =SQRT(2*$I$16*$K$24)*SQRT((1/$I$1)+((O15-$I$10)^2/$I$7)) -> 0.12022739 | Q15: =+$I$13+$I$12*O15 -> 5.6973819 | R15: =+$I$13+$I$12*O15-P15 -> 5.5771545 | S15: =+$I$13+$I$12*O15+P15 -> 5.8176093 | T15: =10^Q15 -> 498174.92 | U15: =10^O15 -> 0.6215 | V15: =10^R15 -> 377706.51 | W15: =10^$O15 -> 0.6215 | X15: =10^S15 -> 657066.39 | Y15: =10^$O15 -> 0.6215
H16: F-VALUE | I16: =VLOOKUP($J$24,$H$33:$J$69,3) -> 6.94 | M16: =+C16 -> 0 | N16: =+$I$13+$I$12*M16 -> 4.6078259 | O16: =LOG($I$19+($I$20-$I$19)*(ROW()-2)/100) -> -0.20273246 | P16: =SQRT(2*$I$16*$K$24)*SQRT((1/$I$1)+((O16-$I$10)^2/$I$7)) -> 0.11782315 | Q16: =+$I$13+$I$12*O16 -> 5.6771983 | R16: =+$I$13+$I$12*O16-P16 -> 5.5593752 | S16: =+$I$13+$I$12*O16+P16 -> 5.7950215 | T16: =10^Q16 -> 475552.36 | U16: =10^O16 -> 0.627 | V16: =10^R16 -> 362556.07 | W16: =10^$O16 -> 0.627 | X16: =10^S16 -> 623765.7 | Y16: =10^$O16 -> 0.627 | AA16: Coefficients | AB16: Standard Error | AC16: t Stat | AD16: P-value | AE16: Lower 95% | AF16: Upper 95% | AG16: Lower 95.0% | AH16: Upper 95.0%
H17: CONFIA1 | I17: =+I15*SQRT($K$24/$I$7) -> 0.57648651 | J17: =+I12+I17 -> -4.6983096 | K17: =+I12-I17 -> -5.8512826 | M17: =+C17 -> 0 | N17: =+$I$13+$I$12*M17 -> 4.6078259 | O17: =LOG($I$19+($I$20-$I$19)*(ROW()-2)/100) -> -0.19893947 | P17: =SQRT(2*$I$16*$K$24)*SQRT((1/$I$1)+((O17-$I$10)^2/$I$7)) -> 0.11546539 | Q17: =+$I$13+$I$12*O17 -> 5.6571911 | R17: =+$I$13+$I$12*O17-P17 -> 5.5417257 | S17: =+$I$13+$I$12*O17+P17 -> 5.7726565 | T17: =10^Q17 -> 454141.4 | U17: =10^O17 -> 0.6325 | V17: =10^R17 -> 348117.38 | W17: =10^$O17 -> 0.6325 | X17: =10^S17 -> 592456.53 | Y17: =10^$O17 -> 0.6325 | Z17: Intercept | AA17: 86.958826 | AB17: 2.9348407 | AC17: 29.629828 | AD17: 1.8247423e-09 | AE17: 80.191067 | AF17: 93.726586 | AG17: 80.191067 | AH17: 93.726586
H18: CONFIA0 | I18: =+I15*SQRT(K24/I1) -> 0.051737003 | J18: =+I13-I18 -> 4.5560889 | K18: =+I13+I18 -> 4.6595629 | M18: =+C18 -> 0 | N18: =+$I$13+$I$12*M18 -> 4.6078259 | O18: =LOG($I$19+($I$20-$I$19)*(ROW()-2)/100) -> -0.19517932 | P18: =SQRT(2*$I$16*$K$24)*SQRT((1/$I$1)+((O18-$I$10)^2/$I$7)) -> 0.11315466 | Q18: =+$I$13+$I$12*O18 -> 5.6373571 | R18: =+$I$13+$I$12*O18-P18 -> 5.5242024 | S18: =+$I$13+$I$12*O18+P18 -> 5.7505117 | T18: =10^Q18 -> 433867.46 | U18: =10^O18 -> 0.638 | V18: =10^R18 -> 334350.84 | W18: =10^$O18 -> 0.638 | X18: =10^S18 -> 563004.33 | Y18: =10^$O18 -> 0.638 | Z18: X Variable 1 | AA18: -0.00039353116 | AB18: 7.4171706e-05 | AC18: -5.3056776 | AD18: 0.00072341619 | AE18: -0.00056457153 | AF18: -0.00022249079 | AG18: -0.00056457153 | AH18: -0.00022249079
H19: Xmin | I19: 0.55 | M19: =+C19 -> 0 | N19: =+$I$13+$I$12*M19 -> 4.6078259 | O19: =LOG($I$19+($I$20-$I$19)*(ROW()-2)/100) -> -0.19145145 | P19: =SQRT(2*$I$16*$K$24)*SQRT((1/$I$1)+((O19-$I$10)^2/$I$7)) -> 0.11089155 | Q19: =+$I$13+$I$12*O19 -> 5.6176933 | R19: =+$I$13+$I$12*O19-P19 -> 5.5068018 | S19: =+$I$13+$I$12*O19+P19 -> 5.7285849 | T19: =10^Q19 -> 414661.11 | U19: =10^O19 -> 0.6435 | V19: =10^R19 -> 321219.39 | W19: =10^$O19 -> 0.6435 | X19: =10^S19 -> 535284.74 | Y19: =10^$O19 -> 0.6435
H20: Xmax | I20: 1.1 | O20: =LOG($I$19+($I$20-$I$19)*(ROW()-2)/100) -> -0.1877553 | P20: =SQRT(2*$I$16*$K$24)*SQRT((1/$I$1)+((O20-$I$10)^2/$I$7)) -> 0.10867673 | Q20: =+$I$13+$I$12*O20 -> 5.5981969 | R20: =+$I$13+$I$12*O20-P20 -> 5.4895202 | S20: =+$I$13+$I$12*O20+P20 -> 5.7068736 | T20: =10^Q20 -> 396457.73 | U20: =10^O20 -> 0.649 | V20: =10^R20 -> 308688.3 | W20: =10^$O20 -> 0.649 | X20: =10^S20 -> 509182.68 | Y20: =10^$O20 -> 0.649
H21: Variansanalysetabel | O21: =LOG($I$19+($I$20-$I$19)*(ROW()-2)/100) -> -0.18409035 | P21: =SQRT(2*$I$16*$K$24)*SQRT((1/$I$1)+((O21-$I$10)^2/$I$7)) -> 0.10651091 | Q21: =+$I$13+$I$12*O21 -> 5.578865 | R21: =+$I$13+$I$12*O21-P21 -> 5.4723541 | S21: =+$I$13+$I$12*O21+P21 -> 5.6853759 | T21: =10^Q21 -> 379197.1 | U21: =10^O21 -> 0.6545 | V21: =10^R21 -> 296724.97 | W21: =10^$O21 -> 0.6545 | X21: =10^S21 -> 484591.64 | Y21: =10^$O21 -> 0.6545
I22: SAK | J22: f | K22: S2 | L22: F | O22: =LOG($I$19+($I$20-$I$19)*(ROW()-2)/100) -> -0.18045606 | P22: =SQRT(2*$I$16*$K$24)*SQRT((1/$I$1)+((O22-$I$10)^2/$I$7)) -> 0.10439489 | Q22: =+$I$13+$I$12*O22 -> 5.5596949 | R22: =+$I$13+$I$12*O22-P22 -> 5.4553 | S22: =+$I$13+$I$12*O22+P22 -> 5.6640898 | T22: =10^Q22 -> 362823.07 | U22: =10^O22 -> 0.66 | V22: =10^R22 -> 285298.84 | W22: =10^$O22 -> 0.66 | X22: =10^S22 -> 461412.96 | Y22: =10^$O22 -> 0.66 | Z22: RESIDUAL OUTPUT
H23: Regress | I23: =+I9^2/I7 -> 1.3445806 | J23: 1 | K23: =+I23/1 -> 1.3445806 | L23: =+K23/K24 -> 645.3527 | O23: =LOG($I$19+($I$20-$I$19)*(ROW()-2)/100) -> -0.17685194 | P23: =SQRT(2*$I$16*$K$24)*SQRT((1/$I$1)+((O23-$I$10)^2/$I$7)) -> 0.10232949 | Q23: =+$I$13+$I$12*O23 -> 5.5406839 | R23: =+$I$13+$I$12*O23-P23 -> 5.4383544 | S23: =+$I$13+$I$12*O23+P23 -> 5.6430134 | T23: =10^Q23 -> 347283.28 | U23: =10^O23 -> 0.6655 | V23: =10^R23 -> 274381.22 | W23: =10^$O23 -> 0.6655 | X23: =10^S23 -> 439555.15 | Y23: =10^$O23 -> 0.6655
H24: Residual | I24: =+I8-I23 -> 0.0083339274 | J24: =+I1-2 -> 4 | K24: =+I24/($I$1-2) -> 0.0020834818 | O24: =LOG($I$19+($I$20-$I$19)*(ROW()-2)/100) -> -0.17327748 | P24: =SQRT(2*$I$16*$K$24)*SQRT((1/$I$1)+((O24-$I$10)^2/$I$7)) -> 0.10031564 | Q24: =+$I$13+$I$12*O24 -> 5.5218293 | R24: =+$I$13+$I$12*O24-P24 -> 5.4215137 | S24: =+$I$13+$I$12*O24+P24 -> 5.622145 | T24: =10^Q24 -> 332528.85 | U24: =10^O24 -> 0.671 | V24: =10^R24 -> 263945.15 | W24: =10^$O24 -> 0.671 | X24: =10^S24 -> 418933.38 | Y24: =10^$O24 -> 0.671 | Z24: Observation | AA24: Predicted Y | AB24: Residuals | AC24: Standard Residuals
H25: Total | I25: =SUM(I23:I24) -> 1.3529146 | J25: =SUM(J23:J24) -> 5 | O25: =LOG($I$19+($I$20-$I$19)*(ROW()-2)/100) -> -0.1697322 | P25: =SQRT(2*$I$16*$K$24)*SQRT((1/$I$1)+((O25-$I$10)^2/$I$7)) -> 0.098354288 | Q25: =+$I$13+$I$12*O25 -> 5.5031287 | R25: =+$I$13+$I$12*O25-P25 -> 5.4047744 | S25: =+$I$13+$I$12*O25+P25 -> 5.601483 | T25: =10^Q25 -> 318514.12 | U25: =10^O25 -> 0.6765 | V25: =10^R25 -> 253965.31 | W25: =10^$O25 -> 0.6765 | X25: =10^S25 -> 399468.91 | Y25: =10^$O25 -> 0.6765 | Z25: 1 | AA25: 64.962009 | AB25: 0.4744117 | AC25: 0.10320336
O26: =LOG($I$19+($I$20-$I$19)*(ROW()-2)/100) -> -0.16621563 | P26: =SQRT(2*$I$16*$K$24)*SQRT((1/$I$1)+((O26-$I$10)^2/$I$7)) -> 0.096446464 | Q26: =+$I$13+$I$12*O26 -> 5.4845795 | R26: =+$I$13+$I$12*O26-P26 -> 5.388133 | S26: =+$I$13+$I$12*O26+P26 -> 5.5810259 | T26: =10^Q26 -> 305196.46 | U26: =10^O26 -> 0.682 | V26: =10^R26 -> 244417.91 | W26: =10^$O26 -> 0.682 | X26: =10^S26 -> 381088.59 | Y26: =10^$O26 -> 0.682 | Z26: 2 | AA26: 84.735375 | AB26: 8.1224338 | AC26: 1.7669515
O27: =LOG($I$19+($I$20-$I$19)*(ROW()-2)/100) -> -0.1627273 | P27: =SQRT(2*$I$16*$K$24)*SQRT((1/$I$1)+((O27-$I$10)^2/$I$7)) -> 0.094593249 | Q27: =+$I$13+$I$12*O27 -> 5.4661793 | R27: =+$I$13+$I$12*O27-P27 -> 5.371586 | S27: =+$I$13+$I$12*O27+P27 -> 5.5607725 | T27: =10^Q27 -> 292535.96 | U27: =10^O27 -> 0.6875 | V27: =10^R27 -> 235280.55 | W27: =10^$O27 -> 0.6875 | X27: =10^S27 -> 363724.47 | Y27: =10^$O27 -> 0.6875 | Z27: 3 | AA27: 72.39896 | AB27: -3.7728516 | AC27: -0.82074485
O28: =LOG($I$19+($I$20-$I$19)*(ROW()-2)/100) -> -0.15926677 | P28: =SQRT(2*$I$16*$K$24)*SQRT((1/$I$1)+((O28-$I$10)^2/$I$7)) -> 0.092795775 | Q28: =+$I$13+$I$12*O28 -> 5.4479257 | R28: =+$I$13+$I$12*O28-P28 -> 5.3551299 | S28: =+$I$13+$I$12*O28+P28 -> 5.5407214 | T28: =10^Q28 -> 280495.35 | U28: =10^O28 -> 0.693 | V28: =10^R28 -> 226532.17 | W28: =10^$O28 -> 0.693 | X28: =10^S28 -> 347313.32 | Y28: =10^$O28 -> 0.693 | Z28: 4 | AA28: 83.96799 | AB28: 3.5389413 | AC28: 0.76986009
H29: N = | I29: =10^$I$13 -> 40534.605 | J29: * | K29: S^ | L29: =+I12 -> -5.2747961 | O29: =LOG($I$19+($I$20-$I$19)*(ROW()-2)/100) -> -0.15583359 | P29: =SQRT(2*$I$16*$K$24)*SQRT((1/$I$1)+((O29-$I$10)^2/$I$7)) -> 0.091055229 | Q29: =+$I$13+$I$12*O29 -> 5.4298164 | R29: =+$I$13+$I$12*O29-P29 -> 5.3387611 | S29: =+$I$13+$I$12*O29+P29 -> 5.5208716 | T29: =10^Q29 -> 269039.7 | U29: =10^O29 -> 0.6985 | V29: =10^R29 -> 218152.97 | W29: =10^$O29 -> 0.6985 | X29: =10^S29 -> 331796.34 | Y29: =10^$O29 -> 0.6985 | Z29: 5 | AA29: 80.249514 | AB29: -3.0746271 | AC29: -0.66885335
O30: =LOG($I$19+($I$20-$I$19)*(ROW()-2)/100) -> -0.15242734 | P30: =SQRT(2*$I$16*$K$24)*SQRT((1/$I$1)+((O30-$I$10)^2/$I$7)) -> 0.089372841 | Q30: =+$I$13+$I$12*O30 -> 5.4118491 | R30: =+$I$13+$I$12*O30-P30 -> 5.3224763 | S30: =+$I$13+$I$12*O30+P30 -> 5.5012219 | T30: =10^Q30 -> 258136.31 | U30: =10^O30 -> 0.704 | V30: =10^R30 -> 210124.29 | W30: =10^$O30 -> 0.704 | X30: =10^S30 -> 317118.76 | Y30: =10^$O30 -> 0.704 | Z30: 6 | AA30: 78.183475 | AB30: -4.5407035 | AC30: -0.9877831
O31: =LOG($I$19+($I$20-$I$19)*(ROW()-2)/100) -> -0.1490476 | P31: =SQRT(2*$I$16*$K$24)*SQRT((1/$I$1)+((O31-$I$10)^2/$I$7)) -> 0.08774988 | Q31: =+$I$13+$I$12*O31 -> 5.3940217 | R31: =+$I$13+$I$12*O31-P31 -> 5.3062718 | S31: =+$I$13+$I$12*O31+P31 -> 5.4817715 | T31: =10^Q31 -> 247754.56 | U31: =10^O31 -> 0.7095 | V31: =10^R31 -> 202428.55 | W31: =10^$O31 -> 0.7095 | X31: =10^S31 -> 303229.56 | Y31: =10^$O31 -> 0.7095 | Z31: 7 | AA31: 58.292049 | AB31: 5.5384636 | AC31: 1.2048355
H32: N | I32: TVALUE | J32: FVALUE | L32: 0.95 | O32: =LOG($I$19+($I$20-$I$19)*(ROW()-2)/100) -> -0.14569396 | P32: =SQRT(2*$I$16*$K$24)*SQRT((1/$I$1)+((O32-$I$10)^2/$I$7)) -> 0.08618765 | Q32: =+$I$13+$I$12*O32 -> 5.3763319 | R32: =+$I$13+$I$12*O32-P32 -> 5.2901442 | S32: =+$I$13+$I$12*O32+P32 -> 5.4625195 | T32: =10^Q32 -> 237865.73 | U32: =10^O32 -> 0.715 | V32: =10^R32 -> 195049.22 | W32: =10^$O32 -> 0.715 | X32: =10^S32 -> 290081.16 | Y32: =10^$O32 -> 0.715 | Z32: 8 | AA32: 76.17686 | AB32: -1.661665 | AC32: -0.36147805
H33: 1 | I33: 12.706 | J33: 199.5 | O33: =LOG($I$19+($I$20-$I$19)*(ROW()-2)/100) -> -0.14236601 | P33: =SQRT(2*$I$16*$K$24)*SQRT((1/$I$1)+((O33-$I$10)^2/$I$7)) -> 0.08468748 | Q33: =+$I$13+$I$12*O33 -> 5.3587777 | R33: =+$I$13+$I$12*O33-P33 -> 5.2740902 | S33: =+$I$13+$I$12*O33+P33 -> 5.4434651 | T33: =10^Q33 -> 228442.89 | U33: =10^O33 -> 0.7205 | V33: =10^R33 -> 187970.71 | W33: =10^$O33 -> 0.7205 | X33: =10^S33 -> 277629.19 | Y33: =10^$O33 -> 0.7205 | Z33: 9 | AA33: 66.378327 | AB33: 1.0806765 | AC33: 0.23508999
H34: 2 | I34: 4.303 | J34: 19 | O34: =LOG($I$19+($I$20-$I$19)*(ROW()-2)/100) -> -0.13906338 | P34: =SQRT(2*$I$16*$K$24)*SQRT((1/$I$1)+((O34-$I$10)^2/$I$7)) -> 0.083250714 | Q34: =+$I$13+$I$12*O34 -> 5.3413569 | R34: =+$I$13+$I$12*O34-P34 -> 5.2581062 | S34: =+$I$13+$I$12*O34+P34 -> 5.4246076 | T34: =10^Q34 -> 219460.78 | U34: =10^O34 -> 0.726 | V34: =10^R34 -> 181178.31 | W34: =10^$O34 -> 0.726 | X34: =10^S34 -> 265832.23 | Y34: =10^$O34 -> 0.726 | Z34: 10 | AA34: 71.750028 | AB34: -5.7050796 | AC34: -1.2410811
H35: 3 | I35: 3.182 | J35: 9.55 | O35: =LOG($I$19+($I$20-$I$19)*(ROW()-2)/100) -> -0.13578567 | P35: =SQRT(2*$I$16*$K$24)*SQRT((1/$I$1)+((O35-$I$10)^2/$I$7)) -> 0.081878699 | Q35: =+$I$13+$I$12*O35 -> 5.3240677 | R35: =+$I$13+$I$12*O35-P35 -> 5.242189 | S35: =+$I$13+$I$12*O35+P35 -> 5.4059464 | T35: =10^Q35 -> 210895.67 | U35: =10^O35 -> 0.7315 | V35: =10^R35 -> 174658.2 | W35: =10^$O35 -> 0.7315 | X35: =10^S35 -> 254651.58 | Y35: =10^$O35 -> 0.7315 | Z35: 11 | AA35: 1.8219741 | AB35: -0.023572384 | AC35: -2.1105589
H36: 4 | I36: 2.7764 | J36: 6.94 | O36: =LOG($I$19+($I$20-$I$19)*(ROW()-2)/100) -> -0.13253251 | P36: =SQRT(2*$I$16*$K$24)*SQRT((1/$I$1)+((O36-$I$10)^2/$I$7)) -> 0.080572777 | Q36: =+$I$13+$I$12*O36 -> 5.3069079 | R36: =+$I$13+$I$12*O36-P36 -> 5.2263352 | S36: =+$I$13+$I$12*O36+P36 -> 5.3874807 | T36: =10^Q36 -> 202725.29 | U36: =10^O36 -> 0.737 | V36: =10^R36 -> 168397.31 | W36: =10^$O36 -> 0.737 | X36: =10^S36 -> 244051.06 | Y36: =10^$O36 -> 0.737 | Z36: 12 | AA36: 1.7418459 | AB36: 0.0051980261 | AC36: 0.46540648
H37: 5 | I37: 2.5706 | J37: 5.79 | O37: =LOG($I$19+($I$20-$I$19)*(ROW()-2)/100) -> -0.12930354 | P37: =SQRT(2*$I$16*$K$24)*SQRT((1/$I$1)+((O37-$I$10)^2/$I$7)) -> 0.079334267 | Q37: =+$I$13+$I$12*O37 -> 5.2898758 | R37: =+$I$13+$I$12*O37-P37 -> 5.2105415 | S37: =+$I$13+$I$12*O37+P37 -> 5.36921 | T37: =10^Q37 -> 194928.69 | U37: =10^O37 -> 0.7425 | V37: =10^R37 -> 162383.35 | W37: =10^$O37 -> 0.7425 | X37: =10^S37 -> 233996.86 | Y37: =10^$O37 -> 0.7425
H38: 6 | I38: 2.4469 | J38: 5.14 | O38: =LOG($I$19+($I$20-$I$19)*(ROW()-2)/100) -> -0.1260984 | P38: =SQRT(2*$I$16*$K$24)*SQRT((1/$I$1)+((O38-$I$10)^2/$I$7)) -> 0.078164453 | Q38: =+$I$13+$I$12*O38 -> 5.2729693 | R38: =+$I$13+$I$12*O38-P38 -> 5.1948049 | S38: =+$I$13+$I$12*O38+P38 -> 5.3511338 | T38: =10^Q38 -> 187486.2 | U38: =10^O38 -> 0.748 | V38: =10^R38 -> 156604.72 | W38: =10^$O38 -> 0.748 | X38: =10^S38 -> 224457.32 | Y38: =10^$O38 -> 0.748
H39: 7 | I39: 2.3646 | J39: 4.74 | O39: =LOG($I$19+($I$20-$I$19)*(ROW()-2)/100) -> -0.12291674 | P39: =SQRT(2*$I$16*$K$24)*SQRT((1/$I$1)+((O39-$I$10)^2/$I$7)) -> 0.077064567 | Q39: =+$I$13+$I$12*O39 -> 5.2561867 | R39: =+$I$13+$I$12*O39-P39 -> 5.1791221 | S39: =+$I$13+$I$12*O39+P39 -> 5.3332513 | T39: =10^Q39 -> 180379.31 | U39: =10^O39 -> 0.7535 | V39: =10^R39 -> 151050.49 | W39: =10^$O39 -> 0.7535 | X39: =10^S39 -> 215402.77 | Y39: =10^$O39 -> 0.7535
H40: 8 | I40: 2.306 | J40: 4.46 | O40: =LOG($I$19+($I$20-$I$19)*(ROW()-2)/100) -> -0.11975822 | P40: =SQRT(2*$I$16*$K$24)*SQRT((1/$I$1)+((O40-$I$10)^2/$I$7)) -> 0.076035773 | Q40: =+$I$13+$I$12*O40 -> 5.2395262 | R40: =+$I$13+$I$12*O40-P40 -> 5.1634904 | S40: =+$I$13+$I$12*O40+P40 -> 5.3155619 | T40: =10^Q40 -> 173590.58 | U40: =10^O40 -> 0.759 | V40: =10^R40 -> 145710.35 | W40: =10^$O40 -> 0.759 | X40: =10^S40 -> 206805.43 | Y40: =10^$O40 -> 0.759
H41: 9 | I41: 2.2622 | J41: 4.26 | O41: =LOG($I$19+($I$20-$I$19)*(ROW()-2)/100) -> -0.11662251 | P41: =SQRT(2*$I$16*$K$24)*SQRT((1/$I$1)+((O41-$I$10)^2/$I$7)) -> 0.075079145 | Q41: =+$I$13+$I$12*O41 -> 5.2229859 | R41: =+$I$13+$I$12*O41-P41 -> 5.1479068 | S41: =+$I$13+$I$12*O41+P41 -> 5.2980651 | T41: =10^Q41 -> 167103.64 | U41: =10^O41 -> 0.7645 | V41: =10^R41 -> 140574.57 | W41: =10^$O41 -> 0.7645 | X41: =10^S41 -> 198639.25 | Y41: =10^$O41 -> 0.7645
H42: 10 | I42: 2.2281 | J42: 4.1 | O42: =LOG($I$19+($I$20-$I$19)*(ROW()-2)/100) -> -0.11350927 | P42: =SQRT(2*$I$16*$K$24)*SQRT((1/$I$1)+((O42-$I$10)^2/$I$7)) -> 0.074195657 | Q42: =+$I$13+$I$12*O42 -> 5.2065642 | R42: =+$I$13+$I$12*O42-P42 -> 5.1323686 | S42: =+$I$13+$I$12*O42+P42 -> 5.2807599 | T42: =10^Q42 -> 160903.03 | U42: =10^O42 -> 0.77 | V42: =10^R42 -> 135634 | W42: =10^$O42 -> 0.77 | X42: =10^S42 -> 190879.76 | Y42: =10^$O42 -> 0.77
H43: 11 | I43: 2.201 | J43: 3.98 | O43: =LOG($I$19+($I$20-$I$19)*(ROW()-2)/100) -> -0.1104182 | P43: =SQRT(2*$I$16*$K$24)*SQRT((1/$I$1)+((O43-$I$10)^2/$I$7)) -> 0.073386158 | Q43: =+$I$13+$I$12*O43 -> 5.1902594 | R43: =+$I$13+$I$12*O43-P43 -> 5.1168733 | S43: =+$I$13+$I$12*O43+P43 -> 5.2636456 | T43: =10^Q43 -> 154974.21 | U43: =10^O43 -> 0.7755 | V43: =10^R43 -> 130880 | W43: =10^$O43 -> 0.7755 | X43: =10^S43 -> 183504.02 | Y43: =10^$O43 -> 0.7755
H44: 12 | I44: 2.1788 | J44: 2.89 | O44: =LOG($I$19+($I$20-$I$19)*(ROW()-2)/100) -> -0.10734897 | P44: =SQRT(2*$I$16*$K$24)*SQRT((1/$I$1)+((O44-$I$10)^2/$I$7)) -> 0.072651356 | Q44: =+$I$13+$I$12*O44 -> 5.1740699 | R44: =+$I$13+$I$12*O44-P44 -> 5.1014185 | S44: =+$I$13+$I$12*O44+P44 -> 5.2467212 | T44: =10^Q44 -> 149303.46 | U44: =10^O44 -> 0.781 | V44: =10^R44 -> 126304.41 | W44: =10^$O44 -> 0.781 | X44: =10^S44 -> 176490.45 | Y44: =10^$O44 -> 0.781
H45: 13 | I45: 2.1604 | J45: 3.81 | O45: =LOG($I$19+($I$20-$I$19)*(ROW()-2)/100) -> -0.10430127 | P45: =SQRT(2*$I$16*$K$24)*SQRT((1/$I$1)+((O45-$I$10)^2/$I$7)) -> 0.071991805 | Q45: =+$I$13+$I$12*O45 -> 5.1579939 | R45: =+$I$13+$I$12*O45-P45 -> 5.0860021 | S45: =+$I$13+$I$12*O45+P45 -> 5.2299857 | T45: =10^Q45 -> 143877.84 | U45: =10^O45 -> 0.7865 | V45: =10^R45 -> 121899.55 | W45: =10^$O45 -> 0.7865 | X45: =10^S45 -> 169818.77 | Y45: =10^$O45 -> 0.7865
H46: 14 | I46: 2.1448 | J46: 3.74 | O46: =LOG($I$19+($I$20-$I$19)*(ROW()-2)/100) -> -0.10127482 | P46: =SQRT(2*$I$16*$K$24)*SQRT((1/$I$1)+((O46-$I$10)^2/$I$7)) -> 0.071407885 | Q46: =+$I$13+$I$12*O46 -> 5.14203 | R46: =+$I$13+$I$12*O46-P46 -> 5.0706221 | S46: =+$I$13+$I$12*O46+P46 -> 5.2134379 | T46: =10^Q46 -> 138685.15 | U46: =10^O46 -> 0.792 | V46: =10^R46 -> 117658.17 | W46: =10^$O46 -> 0.792 | X46: =10^S46 -> 163469.92 | Y46: =10^$O46 -> 0.792
H47: 15 | I47: 2.1315 | J47: 3.68 | O47: =LOG($I$19+($I$20-$I$19)*(ROW()-2)/100) -> -0.098269308 | P47: =SQRT(2*$I$16*$K$24)*SQRT((1/$I$1)+((O47-$I$10)^2/$I$7)) -> 0.070899791 | Q47: =+$I$13+$I$12*O47 -> 5.1261765 | R47: =+$I$13+$I$12*O47-P47 -> 5.0552767 | S47: =+$I$13+$I$12*O47+P47 -> 5.1970763 | T47: =10^Q47 -> 133713.89 | U47: =10^O47 -> 0.7975 | V47: =10^R47 -> 113573.43 | W47: =10^$O47 -> 0.7975 | X47: =10^S47 -> 157425.94 | Y47: =10^$O47 -> 0.7975
H48: 16 | I48: 2.1199 | J48: 3.63 | O48: =LOG($I$19+($I$20-$I$19)*(ROW()-2)/100) -> -0.095284455 | P48: =SQRT(2*$I$16*$K$24)*SQRT((1/$I$1)+((O48-$I$10)^2/$I$7)) -> 0.070467521 | Q48: =+$I$13+$I$12*O48 -> 5.110432 | R48: =+$I$13+$I$12*O48-P48 -> 5.0399645 | S48: =+$I$13+$I$12*O48+P48 -> 5.1808995 | T48: =10^Q48 -> 128953.17 | U48: =10^O48 -> 0.803 | V48: =10^R48 -> 109638.86 | W48: =10^$O48 -> 0.803 | X48: =10^S48 -> 151669.95 | Y48: =10^$O48 -> 0.803
... H69: 121 | I69: 1.96 | J69: 3 | O69: =LOG($I$19+($I$20-$I$19)*(ROW()-2)/100) -> -0.036920839 | P69: =SQRT(2*$I$16*$K$24)*SQRT((1/$I$1)+((O69-$I$10)^2/$I$7)) -> 0.076898869 | Q69: =+$I$13+$I$12*O69 -> 4.8025758 | R69: =+$I$13+$I$12*O69-P69 -> 4.725677 | S69: =+$I$13+$I$12*O69+P69 -> 4.8794747 | T69: =10^Q69 -> 63471.074 | U69: =10^O69 -> 0.9185 | V69: =10^R69 -> 53171.263 | W69: =10^$O69 -> 0.9185 | X69: =10^S69 -> 75766.062 | Y69: =10^$O69 -> 0.9185
O70: =LOG($I$19+($I$20-$I$19)*(ROW()-2)/100) -> -0.034328029 | P70: =SQRT(2*$I$16*$K$24)*SQRT((1/$I$1)+((O70-$I$10)^2/$I$7)) -> 0.077782514 | Q70: =+$I$13+$I$12*O70 -> 4.7888993 | R70: =+$I$13+$I$12*O70-P70 -> 4.7111168 | S70: =+$I$13+$I$12*O70+P70 -> 4.8666818 | T70: =10^Q70 -> 61503.425 | U70: =10^O70 -> 0.924 | V70: =10^R70 -> 51418.19 | W70: =10^$O70 -> 0.924 | X70: =10^S70 -> 73566.791 | Y70: =10^$O70 -> 0.924
O71: =LOG($I$19+($I$20-$I$19)*(ROW()-2)/100) -> -0.031750606 | P71: =SQRT(2*$I$16*$K$24)*SQRT((1/$I$1)+((O71-$I$10)^2/$I$7)) -> 0.078701754 | Q71: =+$I$13+$I$12*O71 -> 4.7753039 | R71: =+$I$13+$I$12*O71-P71 -> 4.6966022 | S71: =+$I$13+$I$12*O71+P71 -> 4.8540057 | T71: =10^Q71 -> 59607.913 | U71: =10^O71 -> 0.9295 | V71: =10^R71 -> 49728.134 | W71: =10^$O71 -> 0.9295 | X71: =10^S71 -> 71450.566 | Y71: =10^$O71 -> 0.9295
O72: =LOG($I$19+($I$20-$I$19)*(ROW()-2)/100) -> -0.029188389 | P72: =SQRT(2*$I$16*$K$24)*SQRT((1/$I$1)+((O72-$I$10)^2/$I$7)) -> 0.079654533 | Q72: =+$I$13+$I$12*O72 -> 4.7617887 | R72: =+$I$13+$I$12*O72-P72 -> 4.6821342 | S72: =+$I$13+$I$12*O72+P72 -> 4.8414433 | T72: =10^Q72 -> 57781.492 | U72: =10^O72 -> 0.935 | V72: =10^R72 -> 48098.797 | W72: =10^$O72 -> 0.935 | X72: =10^S72 -> 69413.394 | Y72: =10^$O72 -> 0.935
O73: =LOG($I$19+($I$20-$I$19)*(ROW()-2)/100) -> -0.0266412 | P73: =SQRT(2*$I$16*$K$24)*SQRT((1/$I$1)+((O73-$I$10)^2/$I$7)) -> 0.080638863 | Q73: =+$I$13+$I$12*O73 -> 4.7483528 | R73: =+$I$13+$I$12*O73-P73 -> 4.667714 | S73: =+$I$13+$I$12*O73+P73 -> 4.8289917 | T73: =10^Q73 -> 56021.257 | U73: =10^O73 -> 0.9405 | V73: =10^R73 -> 46527.957 | W73: =10^$O73 -> 0.9405 | X73: =10^S73 -> 67451.515 | Y73: =10^$O73 -> 0.9405
O74: =LOG($I$19+($I$20-$I$19)*(ROW()-2)/100) -> -0.024108864 | P74: =SQRT(2*$I$16*$K$24)*SQRT((1/$I$1)+((O74-$I$10)^2/$I$7)) -> 0.081652835 | Q74: =+$I$13+$I$12*O74 -> 4.7349953 | R74: =+$I$13+$I$12*O74-P74 -> 4.6533425 | S74: =+$I$13+$I$12*O74+P74 -> 4.8166481 | T74: =10^Q74 -> 54324.444 | U74: =10^O74 -> 0.946 | V74: =10^R74 -> 45013.466 | W74: =10^$O74 -> 0.946 | X74: =10^S74 -> 65561.385 | Y74: =10^$O74 -> 0.946
O75: =LOG($I$19+($I$20-$I$19)*(ROW()-2)/100) -> -0.021591207 | P75: =SQRT(2*$I$16*$K$24)*SQRT((1/$I$1)+((O75-$I$10)^2/$I$7)) -> 0.082694613 | Q75: =+$I$13+$I$12*O75 -> 4.7217152 | R75: =+$I$13+$I$12*O75-P75 -> 4.6390206 | S75: =+$I$13+$I$12*O75+P75 -> 4.8044098 | T75: =10^Q75 -> 52688.419 | U75: =10^O75 -> 0.9515 | V75: =10^R75 -> 43553.248 | W75: =10^$O75 -> 0.9515 | X75: =10^S75 -> 63739.665 | Y75: =10^$O75 -> 0.9515
O76: =LOG($I$19+($I$20-$I$19)*(ROW()-2)/100) -> -0.019088062 | P76: =SQRT(2*$I$16*$K$24)*SQRT((1/$I$1)+((O76-$I$10)^2/$I$7)) -> 0.083762441 | Q76: =+$I$13+$I$12*O76 -> 4.7085116 | R76: =+$I$13+$I$12*O76-P76 -> 4.6247491 | S76: =+$I$13+$I$12*O76+P76 -> 4.792274 | T76: =10^Q76 -> 51110.671 | U76: =10^O76 -> 0.957 | V76: =10^R76 -> 42145.299 | W76: =10^$O76 -> 0.957 | X76: =10^S76 -> 61983.204 | Y76: =10^$O76 -> 0.957
O77: =LOG($I$19+($I$20-$I$19)*(ROW()-2)/100) -> -0.016599262 | P77: =SQRT(2*$I$16*$K$24)*SQRT((1/$I$1)+((O77-$I$10)^2/$I$7)) -> 0.084854641 | Q77: =+$I$13+$I$12*O77 -> 4.6953837 | R77: =+$I$13+$I$12*O77-P77 -> 4.610529 | S77: =+$I$13+$I$12*O77+P77 -> 4.7802383 | T77: =10^Q77 -> 49588.808 | U77: =10^O77 -> 0.9625 | V77: =10^R77 -> 40787.682 | W77: =10^$O77 -> 0.9625 | X77: =10^S77 -> 60289.032 | Y77: =10^$O77 -> 0.9625
O78: =LOG($I$19+($I$20-$I$19)*(ROW()-2)/100) -> -0.014124643 | P78: =SQRT(2*$I$16*$K$24)*SQRT((1/$I$1)+((O78-$I$10)^2/$I$7)) -> 0.085969613 | Q78: =+$I$13+$I$12*O78 -> 4.6823306 | R78: =+$I$13+$I$12*O78-P78 -> 4.5963609 | S78: =+$I$13+$I$12*O78+P78 -> 4.7683002 | T78: =10^Q78 -> 48120.547 | U78: =10^O78 -> 0.968 | V78: =10^R78 -> 39478.527 | W78: =10^$O78 -> 0.968 | X78: =10^S78 -> 58654.342 | Y78: =10^$O78 -> 0.968
O79: =LOG($I$19+($I$20-$I$19)*(ROW()-2)/100) -> -0.011664044 | P79: =SQRT(2*$I$16*$K$24)*SQRT((1/$I$1)+((O79-$I$10)^2/$I$7)) -> 0.087105835 | Q79: =+$I$13+$I$12*O79 -> 4.6693514 | R79: =+$I$13+$I$12*O79-P79 -> 4.5822456 | S79: =+$I$13+$I$12*O79+P79 -> 4.7564572 | T79: =10^Q79 -> 46703.712 | U79: =10^O79 -> 0.9735 | V79: =10^R79 -> 38216.03 | W79: =10^$O79 -> 0.9735 | X79: =10^S79 -> 57076.487 | Y79: =10^$O79 -> 0.9735
O80: =LOG($I$19+($I$20-$I$19)*(ROW()-2)/100) -> -0.0092173082 | P80: =SQRT(2*$I$16*$K$24)*SQRT((1/$I$1)+((O80-$I$10)^2/$I$7)) -> 0.088261859 | Q80: =+$I$13+$I$12*O80 -> 4.6564454 | R80: =+$I$13+$I$12*O80-P80 -> 4.5681835 | S80: =+$I$13+$I$12*O80+P80 -> 4.7447072 | T80: =10^Q80 -> 45336.226 | U80: =10^O80 -> 0.979 | V80: =10^R80 -> 36998.448 | W80: =10^$O80 -> 0.979 | X80: =10^S80 -> 55552.963 | Y80: =10^$O80 -> 0.979
O81: =LOG($I$19+($I$20-$I$19)*(ROW()-2)/100) -> -0.0067842795 | P81: =SQRT(2*$I$16*$K$24)*SQRT((1/$I$1)+((O81-$I$10)^2/$I$7)) -> 0.089436314 | Q81: =+$I$13+$I$12*O81 -> 4.6436116 | R81: =+$I$13+$I$12*O81-P81 -> 4.5541753 | S81: =+$I$13+$I$12*O81+P81 -> 4.733048 | T81: =10^Q81 -> 44016.108 | U81: =10^O81 -> 0.9845 | V81: =10^R81 -> 35824.103 | W81: =10^$O81 -> 0.9845 | X81: =10^S81 -> 54081.403 | Y81: =10^$O81 -> 0.9845
... O102: =LOG($I$19+($I$20-$I$19)*(ROW()-2)/100) -> 0.041392685 | P102: =SQRT(2*$I$16*$K$24)*SQRT((1/$I$1)+((O102-$I$10)^2/$I$7)) -> 0.11657796 | Q102: =+$I$13+$I$12*O102 -> 4.389488 | R102: =+$I$13+$I$12*O102-P102 -> 4.27291 | S102: =+$I$13+$I$12*O102+P102 -> 4.5060659 | T102: =10^Q102 -> 24518.165 | U102: =10^O102 -> 1.1 | V102: =10^R102 -> 18746.06 | W102: =10^$O102 -> 1.1 | X102: =10^S102 -> 32067.561 | Y102: =10^$O102 -> 1.1

Sheet ASTM E739 stat (Strain Range)
A1: SN Points | C1: X | D1: Y | E1: X^2 | F1: Y^2 | G1: X*Y | H1: N | I1: =COUNT(C:C) -> 2 | M1: X | N1: YHAT | O1: X | P1: Xconfi | Q1: Yavg | R1: Y1 | S1: Y2 | T1: SN-line | V1: Lower conf | X1: Upper Conf | Z1: SUMMARY OUTPUT
A2: =+Results!D23 | B2: =+Results!C23 -> 1 | C2: =LOG(A2) -> #VALUE! | D2: =LOG(B2) -> 0 | E2: =+C2^2 -> #VALUE! | F2: =+D2^2 -> 0 | G2: =+C2*D2 -> #VALUE! | H2: SUMX | I2: =SUM(C:C) -> #VALUE! | M2: =+C2 -> #VALUE! | N2: =+$I$13+$I$12*M2 -> #VALUE! | O2: =LOG($I$19+($I$20-$I$19)*(ROW()-2)/100) -> -0.091514981 | P2: =SQRT(2*$I$16*$K$24)*SQRT((1/$I$1)+((O2-$I$10)^2/$I$7)) -> #N/A | Q2: =+$I$13+$I$12*O2 -> #VALUE! | R2: =+$I$13+$I$12*O2-P2 -> #VALUE! | S2: =+$I$13+$I$12*O2+P2 -> #VALUE! | T2: =10^Q2 -> #VALUE! | U2: =10^$O2 -> 0.81 | V2: =10^R2 -> #VALUE! | W2: =10^$O2 -> 0.81 | X2: =10^S2 -> #VALUE! | Y2: =10^$O2 -> 0.81
A3: =+Results!D24 | B3: =+Results!C24 -> 1 | C3: =LOG(A3) -> #VALUE! | D3: =LOG(B3) -> 0 | E3: =+C3^2 -> #VALUE! | F3: =+D3^2 -> 0 | G3: =+C3*D3 -> #VALUE! | H3: SUMY | I3: =SUM(D:D) -> 9.4817922 | M3: =+C3 -> #VALUE! | N3: =+$I$13+$I$12*M3 -> #VALUE! | O3: =LOG($I$19+($I$20-$I$19)*(ROW()-2)/100) -> -0.0910327 | P3: =SQRT(2*$I$16*$K$24)*SQRT((1/$I$1)+((O3-$I$10)^2/$I$7)) -> #N/A | Q3: =+$I$13+$I$12*O3 -> #VALUE! | R3: =+$I$13+$I$12*O3-P3 -> #VALUE! | S3: =+$I$13+$I$12*O3+P3 -> #VALUE! | T3: =10^Q3 -> #VALUE! | U3: =10^O3 -> 0.8109 | V3: =10^R3 -> #VALUE! | W3: =10^$O3 -> 0.8109 | X3: =10^S3 -> #VALUE! | Y3: =10^$O3 -> 0.8109 | Z3: Regression Statistics
A4: =+Results!D25 -> 0.9 | B4: =+Results!C25 -> 36156 | C4: =LOG(A4) -> -0.045757491 | D4: =LOG(B4) -> 4.5581804 | E4: =+C4^2 -> 0.0020937479 | F4: =+D4^2 -> 20.777008 | G4: =+C4*D4 -> -0.2085709 | H4: SUMXX | I4: =SUM(E:E) -> #VALUE! | M4: =+C4 -> -0.045757491 | N4: =+$I$13+$I$12*M4 -> #VALUE! | O4: =LOG($I$19+($I$20-$I$19)*(ROW()-2)/100) -> -0.090550953 | P4: =SQRT(2*$I$16*$K$24)*SQRT((1/$I$1)+((O4-$I$10)^2/$I$7)) -> #N/A | Q4: =+$I$13+$I$12*O4 -> #VALUE! | R4: =+$I$13+$I$12*O4-P4 -> #VALUE! | S4: =+$I$13+$I$12*O4+P4 -> #VALUE! | T4: =10^Q4 -> #VALUE! | U4: =10^O4 -> 0.8118 | V4: =10^R4 -> #VALUE! | W4: =10^$O4 -> 0.8118 | X4: =10^S4 -> #VALUE! | Y4: =10^$O4 -> 0.8118 | Z4: Multiple R | AA4: 0.88244047
A5: =+Results!D26 -> 0.81 | B5: =+Results!C26 -> 83871 | C5: =LOG(A5) -> -0.091514981 | D5: =LOG(B5) -> 4.9236118 | E5: =+C5^2 -> 0.0083749918 | F5: =+D5^2 -> 24.241953 | G5: =+C5*D5 -> -0.45058424 | H5: SUMYY | I5: =SUM(F:F) -> 45.018962 | M5: =+C5 -> -0.091514981 | N5: =+$I$13+$I$12*M5 -> #VALUE! | O5: =LOG($I$19+($I$20-$I$19)*(ROW()-2)/100) -> -0.09006974 | P5: =SQRT(2*$I$16*$K$24)*SQRT((1/$I$1)+((O5-$I$10)^2/$I$7)) -> #N/A | Q5: =+$I$13+$I$12*O5 -> #VALUE! | R5: =+$I$13+$I$12*O5-P5 -> #VALUE! | S5: =+$I$13+$I$12*O5+P5 -> #VALUE! | T5: =10^Q5 -> #VALUE! | U5: =10^O5 -> 0.8127 | V5: =10^R5 -> #VALUE! | W5: =10^$O5 -> 0.8127 | X5: =10^S5 -> #VALUE! | Y5: =10^$O5 -> 0.8127 | Z5: R Square | AA5: 0.77870118
H6: SUMXY | I6: =SUM(G:G) -> #VALUE! | M6: =+C6 -> 0 | N6: =+$I$13+$I$12*M6 -> #VALUE! | O6: =LOG($I$19+($I$20-$I$19)*(ROW()-2)/100) -> -0.08958906 | P6: =SQRT(2*$I$16*$K$24)*SQRT((1/$I$1)+((O6-$I$10)^2/$I$7)) -> #N/A | Q6: =+$I$13+$I$12*O6 -> #VALUE! | R6: =+$I$13+$I$12*O6-P6 -> #VALUE! | S6: =+$I$13+$I$12*O6+P6 -> #VALUE! | T6: =10^Q6 -> #VALUE! | U6: =10^O6 -> 0.8136 | V6: =10^R6 -> #VALUE! | W6: =10^$O6 -> 0.8136 | X6: =10^S6 -> #VALUE! | Y6: =10^$O6 -> 0.8136 | Z6: Adjusted R Square | AA6: 0.75103883
H7: SAKX | I7: =+I4-I2^2/$I$1 -> #VALUE! | M7: =+C7 -> 0 | N7: =+$I$13+$I$12*M7 -> #VALUE! | O7: =LOG($I$19+($I$20-$I$19)*(ROW()-2)/100) -> -0.089108911 | P7: =SQRT(2*$I$16*$K$24)*SQRT((1/$I$1)+((O7-$I$10)^2/$I$7)) -> #N/A | Q7: =+$I$13+$I$12*O7 -> #VALUE! | R7: =+$I$13+$I$12*O7-P7 -> #VALUE! | S7: =+$I$13+$I$12*O7+P7 -> #VALUE! | T7: =10^Q7 -> #VALUE! | U7: =10^O7 -> 0.8145 | V7: =10^R7 -> #VALUE! | W7: =10^$O7 -> 0.8145 | X7: =10^S7 -> #VALUE! | Y7: =10^$O7 -> 0.8145 | Z7: Standard Error | AA7: 4.8757094
H8: SAKY (SAKtotal) | I8: =+I5-I3^2/$I$1 -> 0.06677007 | M8: =+C8 -> 0 | N8: =+$I$13+$I$12*M8 -> #VALUE! | O8: =LOG($I$19+($I$20-$I$19)*(ROW()-2)/100) -> -0.088629293 | P8: =SQRT(2*$I$16*$K$24)*SQRT((1/$I$1)+((O8-$I$10)^2/$I$7)) -> #N/A | Q8: =+$I$13+$I$12*O8 -> #VALUE! | R8: =+$I$13+$I$12*O8-P8 -> #VALUE! | S8: =+$I$13+$I$12*O8+P8 -> #VALUE! | T8: =10^Q8 -> #VALUE! | U8: =10^O8 -> 0.8154 | V8: =10^R8 -> #VALUE! | W8: =10^$O8 -> 0.8154 | X8: =10^S8 -> #VALUE! | Y8: =10^$O8 -> 0.8154 | Z8: Observations | AA8: 10
H9: SAPXY | I9: =+I6-I2*I3/$I$1 -> #VALUE! | M9: =+C9 -> 0 | N9: =+$I$13+$I$12*M9 -> #VALUE! | O9: =LOG($I$19+($I$20-$I$19)*(ROW()-2)/100) -> -0.088150204 | P9: =SQRT(2*$I$16*$K$24)*SQRT((1/$I$1)+((O9-$I$10)^2/$I$7)) -> #N/A | Q9: =+$I$13+$I$12*O9 -> #VALUE! | R9: =+$I$13+$I$12*O9-P9 -> #VALUE! | S9: =+$I$13+$I$12*O9+P9 -> #VALUE! | T9: =10^Q9 -> #VALUE! | U9: =10^O9 -> 0.8163 | V9: =10^R9 -> #VALUE! | W9: =10^$O9 -> 0.8163 | X9: =10^S9 -> #VALUE! | Y9: =10^$O9 -> 0.8163
H10: XMEAN | I10: =+I2/$I$1 -> #VALUE! | M10: =+C10 -> 0 | N10: =+$I$13+$I$12*M10 -> #VALUE! | O10: =LOG($I$19+($I$20-$I$19)*(ROW()-2)/100) -> -0.087671642 | P10: =SQRT(2*$I$16*$K$24)*SQRT((1/$I$1)+((O10-$I$10)^2/$I$7)) -> #N/A | Q10: =+$I$13+$I$12*O10 -> #VALUE! | R10: =+$I$13+$I$12*O10-P10 -> #VALUE! | S10: =+$I$13+$I$12*O10+P10 -> #VALUE! | T10: =10^Q10 -> #VALUE! | U10: =10^O10 -> 0.8172 | V10: =10^R10 -> #VALUE! | W10: =10^$O10 -> 0.8172 | X10: =10^S10 -> #VALUE! | Y10: =10^$O10 -> 0.8172 | Z10: ANOVA
H11: YMEAN | I11: =+I3/$I$1 -> 4.7408961 | M11: =+C11 -> 0 | N11: =+$I$13+$I$12*M11 -> #VALUE! | O11: =LOG($I$19+($I$20-$I$19)*(ROW()-2)/100) -> -0.087193607 | P11: =SQRT(2*$I$16*$K$24)*SQRT((1/$I$1)+((O11-$I$10)^2/$I$7)) -> #N/A | Q11: =+$I$13+$I$12*O11 -> #VALUE! | R11: =+$I$13+$I$12*O11-P11 -> #VALUE! | S11: =+$I$13+$I$12*O11+P11 -> #VALUE! | T11: =10^Q11 -> #VALUE! | U11: =10^O11 -> 0.8181 | V11: =10^R11 -> #VALUE! | W11: =10^$O11 -> 0.8181 | X11: =10^S11 -> #VALUE! | Y11: =10^$O11 -> 0.8181 | AA11: df | AB11: SS | AC11: MS | AD11: F | AE11: Significance F
H12: A1 | I12: =+I9/I7 -> #VALUE! | J12: =+I12 -> #VALUE! | K12: =1/J12 -> #VALUE! | M12: =+C12 -> 0 | N12: =+$I$13+$I$12*M12 -> #VALUE! | O12: =LOG($I$19+($I$20-$I$19)*(ROW()-2)/100) -> -0.086716098 | P12: =SQRT(2*$I$16*$K$24)*SQRT((1/$I$1)+((O12-$I$10)^2/$I$7)) -> #N/A | Q12: =+$I$13+$I$12*O12 -> #VALUE! | R12: =+$I$13+$I$12*O12-P12 -> #VALUE! | S12: =+$I$13+$I$12*O12+P12 -> #VALUE! | T12: =10^Q12 -> #VALUE! | U12: =10^O12 -> 0.819 | V12: =10^R12 -> #VALUE! | W12: =10^$O12 -> 0.819 | X12: =10^S12 -> #VALUE! | Y12: =10^$O12 -> 0.819 | Z12: Regression | AA12: 1 | AB12: 669.20218 | AC12: 669.20218 | AD12: 28.150215 | AE12: 0.00072341619
H13: A0 | I13: =+I11-I12*I10 -> #VALUE! | J13: =10^I13 -> #VALUE! | K13: =+J13^J12 -> #VALUE! | M13: =+C13 -> 0 | N13: =+$I$13+$I$12*M13 -> #VALUE! | O13: =LOG($I$19+($I$20-$I$19)*(ROW()-2)/100) -> -0.086239114 | P13: =SQRT(2*$I$16*$K$24)*SQRT((1/$I$1)+((O13-$I$10)^2/$I$7)) -> #N/A | Q13: =+$I$13+$I$12*O13 -> #VALUE! | R13: =+$I$13+$I$12*O13-P13 -> #VALUE! | S13: =+$I$13+$I$12*O13+P13 -> #VALUE! | T13: =10^Q13 -> #VALUE! | U13: =10^O13 -> 0.8199 | V13: =10^R13 -> #VALUE! | W13: =10^$O13 -> 0.8199 | X13: =10^S13 -> #VALUE! | Y13: =10^$O13 -> 0.8199 | Z13: Residual | AA13: 8 | AB13: 190.18034 | AC13: 23.772542
H14: R2 | I14: =+I9^2/(I7*I8) -> #VALUE! | J14: ="(X="&TEXT(J13,"0.0")&"Y^"&TEXT(J12,"0.00")&")" -> #VALUE! | M14: =+C14 -> 0 | N14: =+$I$13+$I$12*M14 -> #VALUE! | O14: =LOG($I$19+($I$20-$I$19)*(ROW()-2)/100) -> -0.085762652 | P14: =SQRT(2*$I$16*$K$24)*SQRT((1/$I$1)+((O14-$I$10)^2/$I$7)) -> #N/A | Q14: =+$I$13+$I$12*O14 -> #VALUE! | R14: =+$I$13+$I$12*O14-P14 -> #VALUE! | S14: =+$I$13+$I$12*O14+P14 -> #VALUE! | T14: =10^Q14 -> #VALUE! | U14: =10^O14 -> 0.8208 | V14: =10^R14 -> #VALUE! | W14: =10^$O14 -> 0.8208 | X14: =10^S14 -> #VALUE! | Y14: =10^$O14 -> 0.8208 | Z14: Total | AA14: 9 | AB14: 859.38251
H15: T-VALUE | I15: =VLOOKUP($J$24,$H$33:$J$69,2) -> #N/A | M15: =+C15 -> 0 | N15: =+$I$13+$I$12*M15 -> #VALUE! | O15: =LOG($I$19+($I$20-$I$19)*(ROW()-2)/100) -> -0.085286713 | P15: =SQRT(2*$I$16*$K$24)*SQRT((1/$I$1)+((O15-$I$10)^2/$I$7)) -> #N/A | Q15: =+$I$13+$I$12*O15 -> #VALUE! | R15: =+$I$13+$I$12*O15-P15 -> #VALUE! | S15: =+$I$13+$I$12*O15+P15 -> #VALUE! | T15: =10^Q15 -> #VALUE! | U15: =10^O15 -> 0.8217 | V15: =10^R15 -> #VALUE! | W15: =10^$O15 -> 0.8217 | X15: =10^S15 -> #VALUE! | Y15: =10^$O15 -> 0.8217
H16: F-VALUE | I16: =VLOOKUP($J$24,$H$33:$J$69,3) -> #N/A | M16: =+C16 -> 0 | N16: =+$I$13+$I$12*M16 -> #VALUE! | O16: =LOG($I$19+($I$20-$I$19)*(ROW()-2)/100) -> -0.084811295 | P16: =SQRT(2*$I$16*$K$24)*SQRT((1/$I$1)+((O16-$I$10)^2/$I$7)) -> #N/A | Q16: =+$I$13+$I$12*O16 -> #VALUE! | R16: =+$I$13+$I$12*O16-P16 -> #VALUE! | S16: =+$I$13+$I$12*O16+P16 -> #VALUE! | T16: =10^Q16 -> #VALUE! | U16: =10^O16 -> 0.8226 | V16: =10^R16 -> #VALUE! | W16: =10^$O16 -> 0.8226 | X16: =10^S16 -> #VALUE! | Y16: =10^$O16 -> 0.8226 | AA16: Coefficients | AB16: Standard Error | AC16: t Stat | AD16: P-value | AE16: Lower 95% | AF16: Upper 95% | AG16: Lower 95.0% | AH16: Upper 95.0%
H17: CONFIA1 | I17: =+I15*SQRT($K$24/$I$7) -> #N/A | J17: =+I12+I17 -> #VALUE! | K17: =+I12-I17 -> #VALUE! | M17: =+C17 -> 0 | N17: =+$I$13+$I$12*M17 -> #VALUE! | O17: =LOG($I$19+($I$20-$I$19)*(ROW()-2)/100) -> -0.084336396 | P17: =SQRT(2*$I$16*$K$24)*SQRT((1/$I$1)+((O17-$I$10)^2/$I$7)) -> #N/A | Q17: =+$I$13+$I$12*O17 -> #VALUE! | R17: =+$I$13+$I$12*O17-P17 -> #VALUE! | S17: =+$I$13+$I$12*O17+P17 -> #VALUE! | T17: =10^Q17 -> #VALUE! | U17: =10^O17 -> 0.8235 | V17: =10^R17 -> #VALUE! | W17: =10^$O17 -> 0.8235 | X17: =10^S17 -> #VALUE! | Y17: =10^$O17 -> 0.8235 | Z17: Intercept | AA17: 86.958826 | AB17: 2.9348407 | AC17: 29.629828 | AD17: 1.8247423e-09 | AE17: 80.191067 | AF17: 93.726586 | AG17: 80.191067 | AH17: 93.726586
H18: CONFIA0 | I18: =+I15*SQRT(K24/I1) -> #N/A | J18: =+I13-I18 -> #VALUE! | K18: =+I13+I18 -> #VALUE! | M18: =+C18 -> 0 | N18: =+$I$13+$I$12*M18 -> #VALUE! | O18: =LOG($I$19+($I$20-$I$19)*(ROW()-2)/100) -> -0.083862017 | P18: =SQRT(2*$I$16*$K$24)*SQRT((1/$I$1)+((O18-$I$10)^2/$I$7)) -> #N/A | Q18: =+$I$13+$I$12*O18 -> #VALUE! | R18: =+$I$13+$I$12*O18-P18 -> #VALUE! | S18: =+$I$13+$I$12*O18+P18 -> #VALUE! | T18: =10^Q18 -> #VALUE! | U18: =10^O18 -> 0.8244 | V18: =10^R18 -> #VALUE! | W18: =10^$O18 -> 0.8244 | X18: =10^S18 -> #VALUE! | Y18: =10^$O18 -> 0.8244 | Z18: X Variable 1 | AA18: -0.00039353116 | AB18: 7.4171706e-05 | AC18: -5.3056776 | AD18: 0.00072341619 | AE18: -0.00056457153 | AF18: -0.00022249079 | AG18: -0.00056457153 | AH18: -0.00022249079
H19: Xmin | I19: =MIN(A:A) -> 0.81 | M19: =+C19 -> 0 | N19: =+$I$13+$I$12*M19 -> #VALUE! | O19: =LOG($I$19+($I$20-$I$19)*(ROW()-2)/100) -> -0.083388155 | P19: =SQRT(2*$I$16*$K$24)*SQRT((1/$I$1)+((O19-$I$10)^2/$I$7)) -> #N/A | Q19: =+$I$13+$I$12*O19 -> #VALUE! | R19: =+$I$13+$I$12*O19-P19 -> #VALUE! | S19: =+$I$13+$I$12*O19+P19 -> #VALUE! | T19: =10^Q19 -> #VALUE! | U19: =10^O19 -> 0.8253 | V19: =10^R19 -> #VALUE! | W19: =10^$O19 -> 0.8253 | X19: =10^S19 -> #VALUE! | Y19: =10^$O19 -> 0.8253
H20: Xmax | I20: =MAX(A:A) -> 0.9 | O20: =LOG($I$19+($I$20-$I$19)*(ROW()-2)/100) -> -0.082914809 | P20: =SQRT(2*$I$16*$K$24)*SQRT((1/$I$1)+((O20-$I$10)^2/$I$7)) -> #N/A | Q20: =+$I$13+$I$12*O20 -> #VALUE! | R20: =+$I$13+$I$12*O20-P20 -> #VALUE! | S20: =+$I$13+$I$12*O20+P20 -> #VALUE! | T20: =10^Q20 -> #VALUE! | U20: =10^O20 -> 0.8262 | V20: =10^R20 -> #VALUE! | W20: =10^$O20 -> 0.8262 | X20: =10^S20 -> #VALUE! | Y20: =10^$O20 -> 0.8262
H21: Variansanalysetabel | O21: =LOG($I$19+($I$20-$I$19)*(ROW()-2)/100) -> -0.082441979 | P21: =SQRT(2*$I$16*$K$24)*SQRT((1/$I$1)+((O21-$I$10)^2/$I$7)) -> #N/A | Q21: =+$I$13+$I$12*O21 -> #VALUE! | R21: =+$I$13+$I$12*O21-P21 -> #VALUE! | S21: =+$I$13+$I$12*O21+P21 -> #VALUE! | T21: =10^Q21 -> #VALUE! | U21: =10^O21 -> 0.8271 | V21: =10^R21 -> #VALUE! | W21: =10^$O21 -> 0.8271 | X21: =10^S21 -> #VALUE! | Y21: =10^$O21 -> 0.8271
I22: SAK | J22: f | K22: S2 | L22: F | O22: =LOG($I$19+($I$20-$I$19)*(ROW()-2)/100) -> -0.081969663 | P22: =SQRT(2*$I$16*$K$24)*SQRT((1/$I$1)+((O22-$I$10)^2/$I$7)) -> #N/A | Q22: =+$I$13+$I$12*O22 -> #VALUE! | R22: =+$I$13+$I$12*O22-P22 -> #VALUE! | S22: =+$I$13+$I$12*O22+P22 -> #VALUE! | T22: =10^Q22 -> #VALUE! | U22: =10^O22 -> 0.828 | V22: =10^R22 -> #VALUE! | W22: =10^$O22 -> 0.828 | X22: =10^S22 -> #VALUE! | Y22: =10^$O22 -> 0.828 | Z22: RESIDUAL OUTPUT
H23: Regress | I23: =+I9^2/I7 -> #VALUE! | J23: 1 | K23: =+I23/1 -> #VALUE! | L23: =+K23/K24 -> #VALUE! | O23: =LOG($I$19+($I$20-$I$19)*(ROW()-2)/100) -> -0.08149786 | P23: =SQRT(2*$I$16*$K$24)*SQRT((1/$I$1)+((O23-$I$10)^2/$I$7)) -> #N/A | Q23: =+$I$13+$I$12*O23 -> #VALUE! | R23: =+$I$13+$I$12*O23-P23 -> #VALUE! | S23: =+$I$13+$I$12*O23+P23 -> #VALUE! | T23: =10^Q23 -> #VALUE! | U23: =10^O23 -> 0.8289 | V23: =10^R23 -> #VALUE! | W23: =10^$O23 -> 0.8289 | X23: =10^S23 -> #VALUE! | Y23: =10^$O23 -> 0.8289
H24: Residual | I24: =+I8-I23 -> #VALUE! | J24: =+I1-2 -> 0 | K24: =+I24/($I$1-2) -> #VALUE! | O24: =LOG($I$19+($I$20-$I$19)*(ROW()-2)/100) -> -0.08102657 | P24: =SQRT(2*$I$16*$K$24)*SQRT((1/$I$1)+((O24-$I$10)^2/$I$7)) -> #N/A | Q24: =+$I$13+$I$12*O24 -> #VALUE! | R24: =+$I$13+$I$12*O24-P24 -> #VALUE! | S24: =+$I$13+$I$12*O24+P24 -> #VALUE! | T24: =10^Q24 -> #VALUE! | U24: =10^O24 -> 0.8298 | V24: =10^R24 -> #VALUE! | W24: =10^$O24 -> 0.8298 | X24: =10^S24 -> #VALUE! | Y24: =10^$O24 -> 0.8298 | Z24: Observation | AA24: Predicted Y | AB24: Residuals | AC24: Standard Residuals
H25: Total | I25: =SUM(I23:I24) -> #VALUE! | J25: =SUM(J23:J24) -> 1 | O25: =LOG($I$19+($I$20-$I$19)*(ROW()-2)/100) -> -0.08055579 | P25: =SQRT(2*$I$16*$K$24)*SQRT((1/$I$1)+((O25-$I$10)^2/$I$7)) -> #N/A | Q25: =+$I$13+$I$12*O25 -> #VALUE! | R25: =+$I$13+$I$12*O25-P25 -> #VALUE! | S25: =+$I$13+$I$12*O25+P25 -> #VALUE! | T25: =10^Q25 -> #VALUE! | U25: =10^O25 -> 0.8307 | V25: =10^R25 -> #VALUE! | W25: =10^$O25 -> 0.8307 | X25: =10^S25 -> #VALUE! | Y25: =10^$O25 -> 0.8307 | Z25: 1 | AA25: 64.962009 | AB25: 0.4744117 | AC25: 0.10320336
O26: =LOG($I$19+($I$20-$I$19)*(ROW()-2)/100) -> -0.080085519 | P26: =SQRT(2*$I$16*$K$24)*SQRT((1/$I$1)+((O26-$I$10)^2/$I$7)) -> #N/A | Q26: =+$I$13+$I$12*O26 -> #VALUE! | R26: =+$I$13+$I$12*O26-P26 -> #VALUE! | S26: =+$I$13+$I$12*O26+P26 -> #VALUE! | T26: =10^Q26 -> #VALUE! | U26: =10^O26 -> 0.8316 | V26: =10^R26 -> #VALUE! | W26: =10^$O26 -> 0.8316 | X26: =10^S26 -> #VALUE! | Y26: =10^$O26 -> 0.8316 | Z26: 2 | AA26: 84.735375 | AB26: 8.1224338 | AC26: 1.7669515
O27: =LOG($I$19+($I$20-$I$19)*(ROW()-2)/100) -> -0.079615758 | P27: =SQRT(2*$I$16*$K$24)*SQRT((1/$I$1)+((O27-$I$10)^2/$I$7)) -> #N/A | Q27: =+$I$13+$I$12*O27 -> #VALUE! | R27: =+$I$13+$I$12*O27-P27 -> #VALUE! | S27: =+$I$13+$I$12*O27+P27 -> #VALUE! | T27: =10^Q27 -> #VALUE! | U27: =10^O27 -> 0.8325 | V27: =10^R27 -> #VALUE! | W27: =10^$O27 -> 0.8325 | X27: =10^S27 -> #VALUE! | Y27: =10^$O27 -> 0.8325 | Z27: 3 | AA27: 72.39896 | AB27: -3.7728516 | AC27: -0.82074485
O28: =LOG($I$19+($I$20-$I$19)*(ROW()-2)/100) -> -0.079146504 | P28: =SQRT(2*$I$16*$K$24)*SQRT((1/$I$1)+((O28-$I$10)^2/$I$7)) -> #N/A | Q28: =+$I$13+$I$12*O28 -> #VALUE! | R28: =+$I$13+$I$12*O28-P28 -> #VALUE! | S28: =+$I$13+$I$12*O28+P28 -> #VALUE! | T28: =10^Q28 -> #VALUE! | U28: =10^O28 -> 0.8334 | V28: =10^R28 -> #VALUE! | W28: =10^$O28 -> 0.8334 | X28: =10^S28 -> #VALUE! | Y28: =10^$O28 -> 0.8334 | Z28: 4 | AA28: 83.96799 | AB28: 3.5389413 | AC28: 0.76986009
H29: N = | I29: =10^$I$13 -> #VALUE! | J29: * | K29: S^ | L29: =+I12 -> #VALUE! | O29: =LOG($I$19+($I$20-$I$19)*(ROW()-2)/100) -> -0.078677756 | P29: =SQRT(2*$I$16*$K$24)*SQRT((1/$I$1)+((O29-$I$10)^2/$I$7)) -> #N/A | Q29: =+$I$13+$I$12*O29 -> #VALUE! | R29: =+$I$13+$I$12*O29-P29 -> #VALUE! | S29: =+$I$13+$I$12*O29+P29 -> #VALUE! | T29: =10^Q29 -> #VALUE! | U29: =10^O29 -> 0.8343 | V29: =10^R29 -> #VALUE! | W29: =10^$O29 -> 0.8343 | X29: =10^S29 -> #VALUE! | Y29: =10^$O29 -> 0.8343 | Z29: 5 | AA29: 80.249514 | AB29: -3.0746271 | AC29: -0.66885335
O30: =LOG($I$19+($I$20-$I$19)*(ROW()-2)/100) -> -0.078209514 | P30: =SQRT(2*$I$16*$K$24)*SQRT((1/$I$1)+((O30-$I$10)^2/$I$7)) -> #N/A | Q30: =+$I$13+$I$12*O30 -> #VALUE! | R30: =+$I$13+$I$12*O30-P30 -> #VALUE! | S30: =+$I$13+$I$12*O30+P30 -> #VALUE! | T30: =10^Q30 -> #VALUE! | U30: =10^O30 -> 0.8352 | V30: =10^R30 -> #VALUE! | W30: =10^$O30 -> 0.8352 | X30: =10^S30 -> #VALUE! | Y30: =10^$O30 -> 0.8352 | Z30: 6 | AA30: 78.183475 | AB30: -4.5407035 | AC30: -0.9877831
O31: =LOG($I$19+($I$20-$I$19)*(ROW()-2)/100) -> -0.077741777 | P31: =SQRT(2*$I$16*$K$24)*SQRT((1/$I$1)+((O31-$I$10)^2/$I$7)) -> #N/A | Q31: =+$I$13+$I$12*O31 -> #VALUE! | R31: =+$I$13+$I$12*O31-P31 -> #VALUE! | S31: =+$I$13+$I$12*O31+P31 -> #VALUE! | T31: =10^Q31 -> #VALUE! | U31: =10^O31 -> 0.8361 | V31: =10^R31 -> #VALUE! | W31: =10^$O31 -> 0.8361 | X31: =10^S31 -> #VALUE! | Y31: =10^$O31 -> 0.8361 | Z31: 7 | AA31: 58.292049 | AB31: 5.5384636 | AC31: 1.2048355
H32: N | I32: TVALUE | J32: FVALUE | L32: 0.95 | O32: =LOG($I$19+($I$20-$I$19)*(ROW()-2)/100) -> -0.077274542 | P32: =SQRT(2*$I$16*$K$24)*SQRT((1/$I$1)+((O32-$I$10)^2/$I$7)) -> #N/A | Q32: =+$I$13+$I$12*O32 -> #VALUE! | R32: =+$I$13+$I$12*O32-P32 -> #VALUE! | S32: =+$I$13+$I$12*O32+P32 -> #VALUE! | T32: =10^Q32 -> #VALUE! | U32: =10^O32 -> 0.837 | V32: =10^R32 -> #VALUE! | W32: =10^$O32 -> 0.837 | X32: =10^S32 -> #VALUE! | Y32: =10^$O32 -> 0.837 | Z32: 8 | AA32: 76.17686 | AB32: -1.661665 | AC32: -0.36147805
H33: 1 | I33: 12.706 | J33: 199.5 | O33: =LOG($I$19+($I$20-$I$19)*(ROW()-2)/100) -> -0.07680781 | P33: =SQRT(2*$I$16*$K$24)*SQRT((1/$I$1)+((O33-$I$10)^2/$I$7)) -> #N/A | Q33: =+$I$13+$I$12*O33 -> #VALUE! | R33: =+$I$13+$I$12*O33-P33 -> #VALUE! | S33: =+$I$13+$I$12*O33+P33 -> #VALUE! | T33: =10^Q33 -> #VALUE! | U33: =10^O33 -> 0.8379 | V33: =10^R33 -> #VALUE! | W33: =10^$O33 -> 0.8379 | X33: =10^S33 -> #VALUE! | Y33: =10^$O33 -> 0.8379 | Z33: 9 | AA33: 66.378327 | AB33: 1.0806765 | AC33: 0.23508999
H34: 2 | I34: 4.303 | J34: 19 | O34: =LOG($I$19+($I$20-$I$19)*(ROW()-2)/100) -> -0.076341578 | P34: =SQRT(2*$I$16*$K$24)*SQRT((1/$I$1)+((O34-$I$10)^2/$I$7)) -> #N/A | Q34: =+$I$13+$I$12*O34 -> #VALUE! | R34: =+$I$13+$I$12*O34-P34 -> #VALUE! | S34: =+$I$13+$I$12*O34+P34 -> #VALUE! | T34: =10^Q34 -> #VALUE! | U34: =10^O34 -> 0.8388 | V34: =10^R34 -> #VALUE! | W34: =10^$O34 -> 0.8388 | X34: =10^S34 -> #VALUE! | Y34: =10^$O34 -> 0.8388 | Z34: 10 | AA34: 71.750028 | AB34: -5.7050796 | AC34: -1.2410811
H35: 3 | I35: 3.182 | J35: 9.55 | O35: =LOG($I$19+($I$20-$I$19)*(ROW()-2)/100) -> -0.075875847 | P35: =SQRT(2*$I$16*$K$24)*SQRT((1/$I$1)+((O35-$I$10)^2/$I$7)) -> #N/A | Q35: =+$I$13+$I$12*O35 -> #VALUE! | R35: =+$I$13+$I$12*O35-P35 -> #VALUE! | S35: =+$I$13+$I$12*O35+P35 -> #VALUE! | T35: =10^Q35 -> #VALUE! | U35: =10^O35 -> 0.8397 | V35: =10^R35 -> #VALUE! | W35: =10^$O35 -> 0.8397 | X35: =10^S35 -> #VALUE! | Y35: =10^$O35 -> 0.8397 | Z35: 11 | AA35: 1.8219741 | AB35: -0.023572384 | AC35: -2.1105589
H36: 4 | I36: 2.7764 | J36: 6.94 | O36: =LOG($I$19+($I$20-$I$19)*(ROW()-2)/100) -> -0.075410614 | P36: =SQRT(2*$I$16*$K$24)*SQRT((1/$I$1)+((O36-$I$10)^2/$I$7)) -> #N/A | Q36: =+$I$13+$I$12*O36 -> #VALUE! | R36: =+$I$13+$I$12*O36-P36 -> #VALUE! | S36: =+$I$13+$I$12*O36+P36 -> #VALUE! | T36: =10^Q36 -> #VALUE! | U36: =10^O36 -> 0.8406 | V36: =10^R36 -> #VALUE! | W36: =10^$O36 -> 0.8406 | X36: =10^S36 -> #VALUE! | Y36: =10^$O36 -> 0.8406 | Z36: 12 | AA36: 1.7418459 | AB36: 0.0051980261 | AC36: 0.46540648
H37: 5 | I37: 2.5706 | J37: 5.79 | O37: =LOG($I$19+($I$20-$I$19)*(ROW()-2)/100) -> -0.07494588 | P37: =SQRT(2*$I$16*$K$24)*SQRT((1/$I$1)+((O37-$I$10)^2/$I$7)) -> #N/A | Q37: =+$I$13+$I$12*O37 -> #VALUE! | R37: =+$I$13+$I$12*O37-P37 -> #VALUE! | S37: =+$I$13+$I$12*O37+P37 -> #VALUE! | T37: =10^Q37 -> #VALUE! | U37: =10^O37 -> 0.8415 | V37: =10^R37 -> #VALUE! | W37: =10^$O37 -> 0.8415 | X37: =10^S37 -> #VALUE! | Y37: =10^$O37 -> 0.8415
H38: 6 | I38: 2.4469 | J38: 5.14 | O38: =LOG($I$19+($I$20-$I$19)*(ROW()-2)/100) -> -0.074481642 | P38: =SQRT(2*$I$16*$K$24)*SQRT((1/$I$1)+((O38-$I$10)^2/$I$7)) -> #N/A | Q38: =+$I$13+$I$12*O38 -> #VALUE! | R38: =+$I$13+$I$12*O38-P38 -> #VALUE! | S38: =+$I$13+$I$12*O38+P38 -> #VALUE! | T38: =10^Q38 -> #VALUE! | U38: =10^O38 -> 0.8424 | V38: =10^R38 -> #VALUE! | W38: =10^$O38 -> 0.8424 | X38: =10^S38 -> #VALUE! | Y38: =10^$O38 -> 0.8424
H39: 7 | I39: 2.3646 | J39: 4.74 | O39: =LOG($I$19+($I$20-$I$19)*(ROW()-2)/100) -> -0.0740179 | P39: =SQRT(2*$I$16*$K$24)*SQRT((1/$I$1)+((O39-$I$10)^2/$I$7)) -> #N/A | Q39: =+$I$13+$I$12*O39 -> #VALUE! | R39: =+$I$13+$I$12*O39-P39 -> #VALUE! | S39: =+$I$13+$I$12*O39+P39 -> #VALUE! | T39: =10^Q39 -> #VALUE! | U39: =10^O39 -> 0.8433 | V39: =10^R39 -> #VALUE! | W39: =10^$O39 -> 0.8433 | X39: =10^S39 -> #VALUE! | Y39: =10^$O39 -> 0.8433
H40: 8 | I40: 2.306 | J40: 4.46 | O40: =LOG($I$19+($I$20-$I$19)*(ROW()-2)/100) -> -0.073554652 | P40: =SQRT(2*$I$16*$K$24)*SQRT((1/$I$1)+((O40-$I$10)^2/$I$7)) -> #N/A | Q40: =+$I$13+$I$12*O40 -> #VALUE! | R40: =+$I$13+$I$12*O40-P40 -> #VALUE! | S40: =+$I$13+$I$12*O40+P40 -> #VALUE! | T40: =10^Q40 -> #VALUE! | U40: =10^O40 -> 0.8442 | V40: =10^R40 -> #VALUE! | W40: =10^$O40 -> 0.8442 | X40: =10^S40 -> #VALUE! | Y40: =10^$O40 -> 0.8442
H41: 9 | I41: 2.2622 | J41: 4.26 | O41: =LOG($I$19+($I$20-$I$19)*(ROW()-2)/100) -> -0.073091898 | P41: =SQRT(2*$I$16*$K$24)*SQRT((1/$I$1)+((O41-$I$10)^2/$I$7)) -> #N/A | Q41: =+$I$13+$I$12*O41 -> #VALUE! | R41: =+$I$13+$I$12*O41-P41 -> #VALUE! | S41: =+$I$13+$I$12*O41+P41 -> #VALUE! | T41: =10^Q41 -> #VALUE! | U41: =10^O41 -> 0.8451 | V41: =10^R41 -> #VALUE! | W41: =10^$O41 -> 0.8451 | X41: =10^S41 -> #VALUE! | Y41: =10^$O41 -> 0.8451
H42: 10 | I42: 2.2281 | J42: 4.1 | O42: =LOG($I$19+($I$20-$I$19)*(ROW()-2)/100) -> -0.072629637 | P42: =SQRT(2*$I$16*$K$24)*SQRT((1/$I$1)+((O42-$I$10)^2/$I$7)) -> #N/A | Q42: =+$I$13+$I$12*O42 -> #VALUE! | R42: =+$I$13+$I$12*O42-P42 -> #VALUE! | S42: =+$I$13+$I$12*O42+P42 -> #VALUE! | T42: =10^Q42 -> #VALUE! | U42: =10^O42 -> 0.846 | V42: =10^R42 -> #VALUE! | W42: =10^$O42 -> 0.846 | X42: =10^S42 -> #VALUE! | Y42: =10^$O42 -> 0.846
H43: 11 | I43: 2.201 | J43: 3.98 | O43: =LOG($I$19+($I$20-$I$19)*(ROW()-2)/100) -> -0.072167867 | P43: =SQRT(2*$I$16*$K$24)*SQRT((1/$I$1)+((O43-$I$10)^2/$I$7)) -> #N/A | Q43: =+$I$13+$I$12*O43 -> #VALUE! | R43: =+$I$13+$I$12*O43-P43 -> #VALUE! | S43: =+$I$13+$I$12*O43+P43 -> #VALUE! | T43: =10^Q43 -> #VALUE! | U43: =10^O43 -> 0.8469 | V43: =10^R43 -> #VALUE! | W43: =10^$O43 -> 0.8469 | X43: =10^S43 -> #VALUE! | Y43: =10^$O43 -> 0.8469
H44: 12 | I44: 2.1788 | J44: 2.89 | O44: =LOG($I$19+($I$20-$I$19)*(ROW()-2)/100) -> -0.071706588 | P44: =SQRT(2*$I$16*$K$24)*SQRT((1/$I$1)+((O44-$I$10)^2/$I$7)) -> #N/A | Q44: =+$I$13+$I$12*O44 -> #VALUE! | R44: =+$I$13+$I$12*O44-P44 -> #VALUE! | S44: =+$I$13+$I$12*O44+P44 -> #VALUE! | T44: =10^Q44 -> #VALUE! | U44: =10^O44 -> 0.8478 | V44: =10^R44 -> #VALUE! | W44: =10^$O44 -> 0.8478 | X44: =10^S44 -> #VALUE! | Y44: =10^$O44 -> 0.8478
H45: 13 | I45: 2.1604 | J45: 3.81 | O45: =LOG($I$19+($I$20-$I$19)*(ROW()-2)/100) -> -0.071245798 | P45: =SQRT(2*$I$16*$K$24)*SQRT((1/$I$1)+((O45-$I$10)^2/$I$7)) -> #N/A | Q45: =+$I$13+$I$12*O45 -> #VALUE! | R45: =+$I$13+$I$12*O45-P45 -> #VALUE! | S45: =+$I$13+$I$12*O45+P45 -> #VALUE! | T45: =10^Q45 -> #VALUE! | U45: =10^O45 -> 0.8487 | V45: =10^R45 -> #VALUE! | W45: =10^$O45 -> 0.8487 | X45: =10^S45 -> #VALUE! | Y45: =10^$O45 -> 0.8487
H46: 14 | I46: 2.1448 | J46: 3.74 | O46: =LOG($I$19+($I$20-$I$19)*(ROW()-2)/100) -> -0.070785496 | P46: =SQRT(2*$I$16*$K$24)*SQRT((1/$I$1)+((O46-$I$10)^2/$I$7)) -> #N/A | Q46: =+$I$13+$I$12*O46 -> #VALUE! | R46: =+$I$13+$I$12*O46-P46 -> #VALUE! | S46: =+$I$13+$I$12*O46+P46 -> #VALUE! | T46: =10^Q46 -> #VALUE! | U46: =10^O46 -> 0.8496 | V46: =10^R46 -> #VALUE! | W46: =10^$O46 -> 0.8496 | X46: =10^S46 -> #VALUE! | Y46: =10^$O46 -> 0.8496
H47: 15 | I47: 2.1315 | J47: 3.68 | O47: =LOG($I$19+($I$20-$I$19)*(ROW()-2)/100) -> -0.070325682 | P47: =SQRT(2*$I$16*$K$24)*SQRT((1/$I$1)+((O47-$I$10)^2/$I$7)) -> #N/A | Q47: =+$I$13+$I$12*O47 -> #VALUE! | R47: =+$I$13+$I$12*O47-P47 -> #VALUE! | S47: =+$I$13+$I$12*O47+P47 -> #VALUE! | T47: =10^Q47 -> #VALUE! | U47: =10^O47 -> 0.8505 | V47: =10^R47 -> #VALUE! | W47: =10^$O47 -> 0.8505 | X47: =10^S47 -> #VALUE! | Y47: =10^$O47 -> 0.8505
H48: 16 | I48: 2.1199 | J48: 3.63 | O48: =LOG($I$19+($I$20-$I$19)*(ROW()-2)/100) -> -0.069866354 | P48: =SQRT(2*$I$16*$K$24)*SQRT((1/$I$1)+((O48-$I$10)^2/$I$7)) -> #N/A | Q48: =+$I$13+$I$12*O48 -> #VALUE! | R48: =+$I$13+$I$12*O48-P48 -> #VALUE! | S48: =+$I$13+$I$12*O48+P48 -> #VALUE! | T48: =10^Q48 -> #VALUE! | U48: =10^O48 -> 0.8514 | V48: =10^R48 -> #VALUE! | W48: =10^$O48 -> 0.8514 | X48: =10^S48 -> #VALUE! | Y48: =10^$O48 -> 0.8514
... H69: 121 | I69: 1.96 | J69: 3 | O69: =LOG($I$19+($I$20-$I$19)*(ROW()-2)/100) -> -0.060331016 | P69: =SQRT(2*$I$16*$K$24)*SQRT((1/$I$1)+((O69-$I$10)^2/$I$7)) -> #N/A | Q69: =+$I$13+$I$12*O69 -> #VALUE! | R69: =+$I$13+$I$12*O69-P69 -> #VALUE! | S69: =+$I$13+$I$12*O69+P69 -> #VALUE! | T69: =10^Q69 -> #VALUE! | U69: =10^O69 -> 0.8703 | V69: =10^R69 -> #VALUE! | W69: =10^$O69 -> 0.8703 | X69: =10^S69 -> #VALUE! | Y69: =10^$O69 -> 0.8703
O70: =LOG($I$19+($I$20-$I$19)*(ROW()-2)/100) -> -0.059882133 | P70: =SQRT(2*$I$16*$K$24)*SQRT((1/$I$1)+((O70-$I$10)^2/$I$7)) -> #N/A | Q70: =+$I$13+$I$12*O70 -> #VALUE! | R70: =+$I$13+$I$12*O70-P70 -> #VALUE! | S70: =+$I$13+$I$12*O70+P70 -> #VALUE! | T70: =10^Q70 -> #VALUE! | U70: =10^O70 -> 0.8712 | V70: =10^R70 -> #VALUE! | W70: =10^$O70 -> 0.8712 | X70: =10^S70 -> #VALUE! | Y70: =10^$O70 -> 0.8712
O71: =LOG($I$19+($I$20-$I$19)*(ROW()-2)/100) -> -0.059433714 | P71: =SQRT(2*$I$16*$K$24)*SQRT((1/$I$1)+((O71-$I$10)^2/$I$7)) -> #N/A | Q71: =+$I$13+$I$12*O71 -> #VALUE! | R71: =+$I$13+$I$12*O71-P71 -> #VALUE! | S71: =+$I$13+$I$12*O71+P71 -> #VALUE! | T71: =10^Q71 -> #VALUE! | U71: =10^O71 -> 0.8721 | V71: =10^R71 -> #VALUE! | W71: =10^$O71 -> 0.8721 | X71: =10^S71 -> #VALUE! | Y71: =10^$O71 -> 0.8721
O72: =LOG($I$19+($I$20-$I$19)*(ROW()-2)/100) -> -0.058985756 | P72: =SQRT(2*$I$16*$K$24)*SQRT((1/$I$1)+((O72-$I$10)^2/$I$7)) -> #N/A | Q72: =+$I$13+$I$12*O72 -> #VALUE! | R72: =+$I$13+$I$12*O72-P72 -> #VALUE! | S72: =+$I$13+$I$12*O72+P72 -> #VALUE! | T72: =10^Q72 -> #VALUE! | U72: =10^O72 -> 0.873 | V72: =10^R72 -> #VALUE! | W72: =10^$O72 -> 0.873 | X72: =10^S72 -> #VALUE! | Y72: =10^$O72 -> 0.873
O73: =LOG($I$19+($I$20-$I$19)*(ROW()-2)/100) -> -0.058538261 | P73: =SQRT(2*$I$16*$K$24)*SQRT((1/$I$1)+((O73-$I$10)^2/$I$7)) -> #N/A | Q73: =+$I$13+$I$12*O73 -> #VALUE! | R73: =+$I$13+$I$12*O73-P73 -> #VALUE! | S73: =+$I$13+$I$12*O73+P73 -> #VALUE! | T73: =10^Q73 -> #VALUE! | U73: =10^O73 -> 0.8739 | V73: =10^R73 -> #VALUE! | W73: =10^$O73 -> 0.8739 | X73: =10^S73 -> #VALUE! | Y73: =10^$O73 -> 0.8739
O74: =LOG($I$19+($I$20-$I$19)*(ROW()-2)/100) -> -0.058091226 | P74: =SQRT(2*$I$16*$K$24)*SQRT((1/$I$1)+((O74-$I$10)^2/$I$7)) -> #N/A | Q74: =+$I$13+$I$12*O74 -> #VALUE! | R74: =+$I$13+$I$12*O74-P74 -> #VALUE! | S74: =+$I$13+$I$12*O74+P74 -> #VALUE! | T74: =10^Q74 -> #VALUE! | U74: =10^O74 -> 0.8748 | V74: =10^R74 -> #VALUE! | W74: =10^$O74 -> 0.8748 | X74: =10^S74 -> #VALUE! | Y74: =10^$O74 -> 0.8748
O75: =LOG($I$19+($I$20-$I$19)*(ROW()-2)/100) -> -0.05764465 | P75: =SQRT(2*$I$16*$K$24)*SQRT((1/$I$1)+((O75-$I$10)^2/$I$7)) -> #N/A | Q75: =+$I$13+$I$12*O75 -> #VALUE! | R75: =+$I$13+$I$12*O75-P75 -> #VALUE! | S75: =+$I$13+$I$12*O75+P75 -> #VALUE! | T75: =10^Q75 -> #VALUE! | U75: =10^O75 -> 0.8757 | V75: =10^R75 -> #VALUE! | W75: =10^$O75 -> 0.8757 | X75: =10^S75 -> #VALUE! | Y75: =10^$O75 -> 0.8757
O76: =LOG($I$19+($I$20-$I$19)*(ROW()-2)/100) -> -0.057198534 | P76: =SQRT(2*$I$16*$K$24)*SQRT((1/$I$1)+((O76-$I$10)^2/$I$7)) -> #N/A | Q76: =+$I$13+$I$12*O76 -> #VALUE! | R76: =+$I$13+$I$12*O76-P76 -> #VALUE! | S76: =+$I$13+$I$12*O76+P76 -> #VALUE! | T76: =10^Q76 -> #VALUE! | U76: =10^O76 -> 0.8766 | V76: =10^R76 -> #VALUE! | W76: =10^$O76 -> 0.8766 | X76: =10^S76 -> #VALUE! | Y76: =10^$O76 -> 0.8766
O77: =LOG($I$19+($I$20-$I$19)*(ROW()-2)/100) -> -0.056752875 | P77: =SQRT(2*$I$16*$K$24)*SQRT((1/$I$1)+((O77-$I$10)^2/$I$7)) -> #N/A | Q77: =+$I$13+$I$12*O77 -> #VALUE! | R77: =+$I$13+$I$12*O77-P77 -> #VALUE! | S77: =+$I$13+$I$12*O77+P77 -> #VALUE! | T77: =10^Q77 -> #VALUE! | U77: =10^O77 -> 0.8775 | V77: =10^R77 -> #VALUE! | W77: =10^$O77 -> 0.8775 | X77: =10^S77 -> #VALUE! | Y77: =10^$O77 -> 0.8775
O78: =LOG($I$19+($I$20-$I$19)*(ROW()-2)/100) -> -0.056307673 | P78: =SQRT(2*$I$16*$K$24)*SQRT((1/$I$1)+((O78-$I$10)^2/$I$7)) -> #N/A | Q78: =+$I$13+$I$12*O78 -> #VALUE! | R78: =+$I$13+$I$12*O78-P78 -> #VALUE! | S78: =+$I$13+$I$12*O78+P78 -> #VALUE! | T78: =10^Q78 -> #VALUE! | U78: =10^O78 -> 0.8784 | V78: =10^R78 -> #VALUE! | W78: =10^$O78 -> 0.8784 | X78: =10^S78 -> #VALUE! | Y78: =10^$O78 -> 0.8784
O79: =LOG($I$19+($I$20-$I$19)*(ROW()-2)/100) -> -0.055862927 | P79: =SQRT(2*$I$16*$K$24)*SQRT((1/$I$1)+((O79-$I$10)^2/$I$7)) -> #N/A | Q79: =+$I$13+$I$12*O79 -> #VALUE! | R79: =+$I$13+$I$12*O79-P79 -> #VALUE! | S79: =+$I$13+$I$12*O79+P79 -> #VALUE! | T79: =10^Q79 -> #VALUE! | U79: =10^O79 -> 0.8793 | V79: =10^R79 -> #VALUE! | W79: =10^$O79 -> 0.8793 | X79: =10^S79 -> #VALUE! | Y79: =10^$O79 -> 0.8793
O80: =LOG($I$19+($I$20-$I$19)*(ROW()-2)/100) -> -0.055418636 | P80: =SQRT(2*$I$16*$K$24)*SQRT((1/$I$1)+((O80-$I$10)^2/$I$7)) -> #N/A | Q80: =+$I$13+$I$12*O80 -> #VALUE! | R80: =+$I$13+$I$12*O80-P80 -> #VALUE! | S80: =+$I$13+$I$12*O80+P80 -> #VALUE! | T80: =10^Q80 -> #VALUE! | U80: =10^O80 -> 0.8802 | V80: =10^R80 -> #VALUE! | W80: =10^$O80 -> 0.8802 | X80: =10^S80 -> #VALUE! | Y80: =10^$O80 -> 0.8802
O81: =LOG($I$19+($I$20-$I$19)*(ROW()-2)/100) -> -0.054974799 | P81: =SQRT(2*$I$16*$K$24)*SQRT((1/$I$1)+((O81-$I$10)^2/$I$7)) -> #N/A | Q81: =+$I$13+$I$12*O81 -> #VALUE! | R81: =+$I$13+$I$12*O81-P81 -> #VALUE! | S81: =+$I$13+$I$12*O81+P81 -> #VALUE! | T81: =10^Q81 -> #VALUE! | U81: =10^O81 -> 0.8811 | V81: =10^R81 -> #VALUE! | W81: =10^$O81 -> 0.8811 | X81: =10^S81 -> #VALUE! | Y81: =10^$O81 -> 0.8811
... O102: =LOG($I$19+($I$20-$I$19)*(ROW()-2)/100) -> -0.045757491 | P102: =SQRT(2*$I$16*$K$24)*SQRT((1/$I$1)+((O102-$I$10)^2/$I$7)) -> #N/A | Q102: =+$I$13+$I$12*O102 -> #VALUE! | R102: =+$I$13+$I$12*O102-P102 -> #VALUE! | S102: =+$I$13+$I$12*O102+P102 -> #VALUE! | T102: =10^Q102 -> #VALUE! | U102: =10^O102 -> 0.9 | V102: =10^R102 -> #VALUE! | W102: =10^$O102 -> 0.9 | X102: =10^S102 -> #VALUE! | Y102: =10^$O102 -> 0.9

Sheet ASTM E739 stat (Max Stress)
A1: SN Points | C1: X | D1: Y | E1: X^2 | F1: Y^2 | G1: X*Y | H1: N | I1: =COUNT(C:C) -> 0 | M1: X | N1: YHAT | O1: X | P1: Xconfi | Q1: Yavg | R1: Y1 | S1: Y2 | T1: SN-line | V1: Lower conf | X1: Upper Conf | Z1: SUMMARY OUTPUT
A2: =+Results!F23 -> #VALUE! | B2: =+Results!E23 -> 1 | C2: =LOG(A2) -> #VALUE! | D2: =LOG(B2) -> 0 | E2: =+C2^2 -> #VALUE! | F2: =+D2^2 -> 0 | G2: =+C2*D2 -> #VALUE! | H2: SUMX | I2: =SUM(C:C) -> #VALUE! | M2: =+C2 -> #VALUE! | N2: =+$I$13+$I$12*M2 -> #DIV/0! | O2: =LOG($I$19+($I$20-$I$19)*(ROW()-2)/100) -> #VALUE! | P2: =SQRT(2*$I$16*$K$24)*SQRT((1/$I$1)+((O2-$I$10)^2/$I$7)) -> #N/A | Q2: =+$I$13+$I$12*O2 -> #DIV/0! | R2: =+$I$13+$I$12*O2-P2 -> #DIV/0! | S2: =+$I$13+$I$12*O2+P2 -> #DIV/0! | T2: =10^Q2 -> #DIV/0! | U2: =10^$O2 -> #VALUE! | V2: =10^R2 -> #DIV/0! | W2: =10^$O2 -> #VALUE! | X2: =10^S2 -> #DIV/0! | Y2: =10^$O2 -> #VALUE!
A3: =+Results!F24 -> #VALUE! | B3: =+Results!E24 -> 1 | C3: =LOG(A3) -> #VALUE! | D3: =LOG(B3) -> 0 | E3: =+C3^2 -> #VALUE! | F3: =+D3^2 -> 0 | G3: =+C3*D3 -> #VALUE! | H3: SUMY | I3: =SUM(D:D) -> 9.4817922 | M3: =+C3 -> #VALUE! | N3: =+$I$13+$I$12*M3 -> #DIV/0! | O3: =LOG($I$19+($I$20-$I$19)*(ROW()-2)/100) -> #VALUE! | P3: =SQRT(2*$I$16*$K$24)*SQRT((1/$I$1)+((O3-$I$10)^2/$I$7)) -> #N/A | Q3: =+$I$13+$I$12*O3 -> #DIV/0! | R3: =+$I$13+$I$12*O3-P3 -> #DIV/0! | S3: =+$I$13+$I$12*O3+P3 -> #DIV/0! | T3: =10^Q3 -> #DIV/0! | U3: =10^O3 -> #VALUE! | V3: =10^R3 -> #DIV/0! | W3: =10^$O3 -> #VALUE! | X3: =10^S3 -> #DIV/0! | Y3: =10^$O3 -> #VALUE! | Z3: Regression Statistics
A4: =+Results!F25 -> 0 | B4: =+Results!E25 -> 36156 | C4: =LOG(A4) -> #NUM! | D4: =LOG(B4) -> 4.5581804 | E4: =+C4^2 -> #NUM! | F4: =+D4^2 -> 20.777008 | G4: =+C4*D4 -> #NUM! | H4: SUMXX | I4: =SUM(E:E) -> #VALUE! | M4: =+C4 -> #NUM! | N4: =+$I$13+$I$12*M4 -> #DIV/0! | O4: =LOG($I$19+($I$20-$I$19)*(ROW()-2)/100) -> #VALUE! | P4: =SQRT(2*$I$16*$K$24)*SQRT((1/$I$1)+((O4-$I$10)^2/$I$7)) -> #N/A | Q4: =+$I$13+$I$12*O4 -> #DIV/0! | R4: =+$I$13+$I$12*O4-P4 -> #DIV/0! | S4: =+$I$13+$I$12*O4+P4 -> #DIV/0! | T4: =10^Q4 -> #DIV/0! | U4: =10^O4 -> #VALUE! | V4: =10^R4 -> #DIV/0! | W4: =10^$O4 -> #VALUE! | X4: =10^S4 -> #DIV/0! | Y4: =10^$O4 -> #VALUE! | Z4: Multiple R | AA4: 0.88244047
A5: =+Results!F26 -> 0 | B5: =+Results!E26 -> 83871 | C5: =LOG(A5) -> #NUM! | D5: =LOG(B5) -> 4.9236118 | E5: =+C5^2 -> #NUM! | F5: =+D5^2 -> 24.241953 | G5: =+C5*D5 -> #NUM! | H5: SUMYY | I5: =SUM(F:F) -> 45.018962 | M5: =+C5 -> #NUM! | N5: =+$I$13+$I$12*M5 -> #DIV/0! | O5: =LOG($I$19+($I$20-$I$19)*(ROW()-2)/100) -> #VALUE! | P5: =SQRT(2*$I$16*$K$24)*SQRT((1/$I$1)+((O5-$I$10)^2/$I$7)) -> #N/A | Q5: =+$I$13+$I$12*O5 -> #DIV/0! | R5: =+$I$13+$I$12*O5-P5 -> #DIV/0! | S5: =+$I$13+$I$12*O5+P5 -> #DIV/0! | T5: =10^Q5 -> #DIV/0! | U5: =10^O5 -> #VALUE! | V5: =10^R5 -> #DIV/0! | W5: =10^$O5 -> #VALUE! | X5: =10^S5 -> #DIV/0! | Y5: =10^$O5 -> #VALUE! | Z5: R Square | AA5: 0.77870118
H6: SUMXY | I6: =SUM(G:G) -> #VALUE! | M6: =+C6 -> 0 | N6: =+$I$13+$I$12*M6 -> #DIV/0! | O6: =LOG($I$19+($I$20-$I$19)*(ROW()-2)/100) -> #VALUE! | P6: =SQRT(2*$I$16*$K$24)*SQRT((1/$I$1)+((O6-$I$10)^2/$I$7)) -> #N/A | Q6: =+$I$13+$I$12*O6 -> #DIV/0! | R6: =+$I$13+$I$12*O6-P6 -> #DIV/0! | S6: =+$I$13+$I$12*O6+P6 -> #DIV/0! | T6: =10^Q6 -> #DIV/0! | U6: =10^O6 -> #VALUE! | V6: =10^R6 -> #DIV/0! | W6: =10^$O6 -> #VALUE! | X6: =10^S6 -> #DIV/0! | Y6: =10^$O6 -> #VALUE! | Z6: Adjusted R Square | AA6: 0.75103883
H7: SAKX | I7: =+I4-I2^2/$I$1 -> #VALUE! | M7: =+C7 -> 0 | N7: =+$I$13+$I$12*M7 -> #DIV/0! | O7: =LOG($I$19+($I$20-$I$19)*(ROW()-2)/100) -> #VALUE! | P7: =SQRT(2*$I$16*$K$24)*SQRT((1/$I$1)+((O7-$I$10)^2/$I$7)) -> #N/A | Q7: =+$I$13+$I$12*O7 -> #DIV/0! | R7: =+$I$13+$I$12*O7-P7 -> #DIV/0! | S7: =+$I$13+$I$12*O7+P7 -> #DIV/0! | T7: =10^Q7 -> #DIV/0! | U7: =10^O7 -> #VALUE! | V7: =10^R7 -> #DIV/0! | W7: =10^$O7 -> #VALUE! | X7: =10^S7 -> #DIV/0! | Y7: =10^$O7 -> #VALUE! | Z7: Standard Error | AA7: 4.8757094
H8: SAKY (SAKtotal) | I8: =+I5-I3^2/$I$1 -> #DIV/0! | M8: =+C8 -> 0 | N8: =+$I$13+$I$12*M8 -> #DIV/0! | O8: =LOG($I$19+($I$20-$I$19)*(ROW()-2)/100) -> #VALUE! | P8: =SQRT(2*$I$16*$K$24)*SQRT((1/$I$1)+((O8-$I$10)^2/$I$7)) -> #N/A | Q8: =+$I$13+$I$12*O8 -> #DIV/0! | R8: =+$I$13+$I$12*O8-P8 -> #DIV/0! | S8: =+$I$13+$I$12*O8+P8 -> #DIV/0! | T8: =10^Q8 -> #DIV/0! | U8: =10^O8 -> #VALUE! | V8: =10^R8 -> #DIV/0! | W8: =10^$O8 -> #VALUE! | X8: =10^S8 -> #DIV/0! | Y8: =10^$O8 -> #VALUE! | Z8: Observations | AA8: 10
H9: SAPXY | I9: =+I6-I2*I3/$I$1 -> #VALUE! | M9: =+C9 -> 0 | N9: =+$I$13+$I$12*M9 -> #DIV/0! | O9: =LOG($I$19+($I$20-$I$19)*(ROW()-2)/100) -> #VALUE! | P9: =SQRT(2*$I$16*$K$24)*SQRT((1/$I$1)+((O9-$I$10)^2/$I$7)) -> #N/A | Q9: =+$I$13+$I$12*O9 -> #DIV/0! | R9: =+$I$13+$I$12*O9-P9 -> #DIV/0! | S9: =+$I$13+$I$12*O9+P9 -> #DIV/0! | T9: =10^Q9 -> #DIV/0! | U9: =10^O9 -> #VALUE! | V9: =10^R9 -> #DIV/0! | W9: =10^$O9 -> #VALUE! | X9: =10^S9 -> #DIV/0! | Y9: =10^$O9 -> #VALUE!
H10: XMEAN | I10: =+I2/$I$1 -> #VALUE! | M10: =+C10 -> 0 | N10: =+$I$13+$I$12*M10 -> #DIV/0! | O10: =LOG($I$19+($I$20-$I$19)*(ROW()-2)/100) -> #VALUE! | P10: =SQRT(2*$I$16*$K$24)*SQRT((1/$I$1)+((O10-$I$10)^2/$I$7)) -> #N/A | Q10: =+$I$13+$I$12*O10 -> #DIV/0! | R10: =+$I$13+$I$12*O10-P10 -> #DIV/0! | S10: =+$I$13+$I$12*O10+P10 -> #DIV/0! | T10: =10^Q10 -> #DIV/0! | U10: =10^O10 -> #VALUE! | V10: =10^R10 -> #DIV/0! | W10: =10^$O10 -> #VALUE! | X10: =10^S10 -> #DIV/0! | Y10: =10^$O10 -> #VALUE! | Z10: ANOVA
H11: YMEAN | I11: =+I3/$I$1 -> #DIV/0! | M11: =+C11 -> 0 | N11: =+$I$13+$I$12*M11 -> #DIV/0! | O11: =LOG($I$19+($I$20-$I$19)*(ROW()-2)/100) -> #VALUE! | P11: =SQRT(2*$I$16*$K$24)*SQRT((1/$I$1)+((O11-$I$10)^2/$I$7)) -> #N/A | Q11: =+$I$13+$I$12*O11 -> #DIV/0! | R11: =+$I$13+$I$12*O11-P11 -> #DIV/0! | S11: =+$I$13+$I$12*O11+P11 -> #DIV/0! | T11: =10^Q11 -> #DIV/0! | U11: =10^O11 -> #VALUE! | V11: =10^R11 -> #DIV/0! | W11: =10^$O11 -> #VALUE! | X11: =10^S11 -> #DIV/0! | Y11: =10^$O11 -> #VALUE! | AA11: df | AB11: SS | AC11: MS | AD11: F | AE11: Significance F
H12: A1 | I12: =+I9/I7 -> #VALUE! | J12: =+I12 -> #VALUE! | K12: =1/J12 -> #VALUE! | M12: =+C12 -> 0 | N12: =+$I$13+$I$12*M12 -> #DIV/0! | O12: =LOG($I$19+($I$20-$I$19)*(ROW()-2)/100) -> #VALUE! | P12: =SQRT(2*$I$16*$K$24)*SQRT((1/$I$1)+((O12-$I$10)^2/$I$7)) -> #N/A | Q12: =+$I$13+$I$12*O12 -> #DIV/0! | R12: =+$I$13+$I$12*O12-P12 -> #DIV/0! | S12: =+$I$13+$I$12*O12+P12 -> #DIV/0! | T12: =10^Q12 -> #DIV/0! | U12: =10^O12 -> #VALUE! | V12: =10^R12 -> #DIV/0! | W12: =10^$O12 -> #VALUE! | X12: =10^S12 -> #DIV/0! | Y12: =10^$O12 -> #VALUE! | Z12: Regression | AA12: 1 | AB12: 669.20218 | AC12: 669.20218 | AD12: 28.150215 | AE12: 0.00072341619
H13: A0 | I13: =+I11-I12*I10 -> #DIV/0! | J13: =10^I13 -> #DIV/0! | K13: =+J13^J12 -> #DIV/0! | M13: =+C13 -> 0 | N13: =+$I$13+$I$12*M13 -> #DIV/0! | O13: =LOG($I$19+($I$20-$I$19)*(ROW()-2)/100) -> #VALUE! | P13: =SQRT(2*$I$16*$K$24)*SQRT((1/$I$1)+((O13-$I$10)^2/$I$7)) -> #N/A | Q13: =+$I$13+$I$12*O13 -> #DIV/0! | R13: =+$I$13+$I$12*O13-P13 -> #DIV/0! | S13: =+$I$13+$I$12*O13+P13 -> #DIV/0! | T13: =10^Q13 -> #DIV/0! | U13: =10^O13 -> #VALUE! | V13: =10^R13 -> #DIV/0! | W13: =10^$O13 -> #VALUE! | X13: =10^S13 -> #DIV/0! | Y13: =10^$O13 -> #VALUE! | Z13: Residual | AA13: 8 | AB13: 190.18034 | AC13: 23.772542
H14: R2 | I14: =+I9^2/(I7*I8) -> #VALUE! | J14: ="(X="&TEXT(J13,"0.00E+0")&"Y^"&TEXT(J12,"0.00")&")" -> #DIV/0! | M14: =+C14 -> 0 | N14: =+$I$13+$I$12*M14 -> #DIV/0! | O14: =LOG($I$19+($I$20-$I$19)*(ROW()-2)/100) -> #VALUE! | P14: =SQRT(2*$I$16*$K$24)*SQRT((1/$I$1)+((O14-$I$10)^2/$I$7)) -> #N/A | Q14: =+$I$13+$I$12*O14 -> #DIV/0! | R14: =+$I$13+$I$12*O14-P14 -> #DIV/0! | S14: =+$I$13+$I$12*O14+P14 -> #DIV/0! | T14: =10^Q14 -> #DIV/0! | U14: =10^O14 -> #VALUE! | V14: =10^R14 -> #DIV/0! | W14: =10^$O14 -> #VALUE! | X14: =10^S14 -> #DIV/0! | Y14: =10^$O14 -> #VALUE! | Z14: Total | AA14: 9 | AB14: 859.38251
H15: T-VALUE | I15: =VLOOKUP($J$24,$H$33:$J$69,2) -> #N/A | M15: =+C15 -> 0 | N15: =+$I$13+$I$12*M15 -> #DIV/0! | O15: =LOG($I$19+($I$20-$I$19)*(ROW()-2)/100) -> #VALUE! | P15: =SQRT(2*$I$16*$K$24)*SQRT((1/$I$1)+((O15-$I$10)^2/$I$7)) -> #N/A | Q15: =+$I$13+$I$12*O15 -> #DIV/0! | R15: =+$I$13+$I$12*O15-P15 -> #DIV/0! | S15: =+$I$13+$I$12*O15+P15 -> #DIV/0! | T15: =10^Q15 -> #DIV/0! | U15: =10^O15 -> #VALUE! | V15: =10^R15 -> #DIV/0! | W15: =10^$O15 -> #VALUE! | X15: =10^S15 -> #DIV/0! | Y15: =10^$O15 -> #VALUE!
H16: F-VALUE | I16: =VLOOKUP($J$24,$H$33:$J$69,3) -> #N/A | M16: =+C16 -> 0 | N16: =+$I$13+$I$12*M16 -> #DIV/0! | O16: =LOG($I$19+($I$20-$I$19)*(ROW()-2)/100) -> #VALUE! | P16: =SQRT(2*$I$16*$K$24)*SQRT((1/$I$1)+((O16-$I$10)^2/$I$7)) -> #N/A | Q16: =+$I$13+$I$12*O16 -> #DIV/0! | R16: =+$I$13+$I$12*O16-P16 -> #DIV/0! | S16: =+$I$13+$I$12*O16+P16 -> #DIV/0! | T16: =10^Q16 -> #DIV/0! | U16: =10^O16 -> #VALUE! | V16: =10^R16 -> #DIV/0! | W16: =10^$O16 -> #VALUE! | X16: =10^S16 -> #DIV/0! | Y16: =10^$O16 -> #VALUE! | AA16: Coefficients | AB16: Standard Error | AC16: t Stat | AD16: P-value | AE16: Lower 95% | AF16: Upper 95% | AG16: Lower 95.0% | AH16: Upper 95.0%
H17: CONFIA1 | I17: =+I15*SQRT($K$24/$I$7) -> #N/A | J17: =+I12+I17 -> #VALUE! | K17: =+I12-I17 -> #VALUE! | M17: =+C17 -> 0 | N17: =+$I$13+$I$12*M17 -> #DIV/0! | O17: =LOG($I$19+($I$20-$I$19)*(ROW()-2)/100) -> #VALUE! | P17: =SQRT(2*$I$16*$K$24)*SQRT((1/$I$1)+((O17-$I$10)^2/$I$7)) -> #N/A | Q17: =+$I$13+$I$12*O17 -> #DIV/0! | R17: =+$I$13+$I$12*O17-P17 -> #DIV/0! | S17: =+$I$13+$I$12*O17+P17 -> #DIV/0! | T17: =10^Q17 -> #DIV/0! | U17: =10^O17 -> #VALUE! | V17: =10^R17 -> #DIV/0! | W17: =10^$O17 -> #VALUE! | X17: =10^S17 -> #DIV/0! | Y17: =10^$O17 -> #VALUE! | Z17: Intercept | AA17: 86.958826 | AB17: 2.9348407 | AC17: 29.629828 | AD17: 1.8247423e-09 | AE17: 80.191067 | AF17: 93.726586 | AG17: 80.191067 | AH17: 93.726586
H18: CONFIA0 | I18: =+I15*SQRT(K24/I1) -> #N/A | J18: =+I13-I18 -> #DIV/0! | K18: =+I13+I18 -> #DIV/0! | M18: =+C18 -> 0 | N18: =+$I$13+$I$12*M18 -> #DIV/0! | O18: =LOG($I$19+($I$20-$I$19)*(ROW()-2)/100) -> #VALUE! | P18: =SQRT(2*$I$16*$K$24)*SQRT((1/$I$1)+((O18-$I$10)^2/$I$7)) -> #N/A | Q18: =+$I$13+$I$12*O18 -> #DIV/0! | R18: =+$I$13+$I$12*O18-P18 -> #DIV/0! | S18: =+$I$13+$I$12*O18+P18 -> #DIV/0! | T18: =10^Q18 -> #DIV/0! | U18: =10^O18 -> #VALUE! | V18: =10^R18 -> #DIV/0! | W18: =10^$O18 -> #VALUE! | X18: =10^S18 -> #DIV/0! | Y18: =10^$O18 -> #VALUE! | Z18: X Variable 1 | AA18: -0.00039353116 | AB18: 7.4171706e-05 | AC18: -5.3056776 | AD18: 0.00072341619 | AE18: -0.00056457153 | AF18: -0.00022249079 | AG18: -0.00056457153 | AH18: -0.00022249079
H19: Xmin | I19: =MIN(A:A) -> #VALUE! | M19: =+C19 -> 0 | N19: =+$I$13+$I$12*M19 -> #DIV/0! | O19: =LOG($I$19+($I$20-$I$19)*(ROW()-2)/100) -> #VALUE! | P19: =SQRT(2*$I$16*$K$24)*SQRT((1/$I$1)+((O19-$I$10)^2/$I$7)) -> #N/A | Q19: =+$I$13+$I$12*O19 -> #DIV/0! | R19: =+$I$13+$I$12*O19-P19 -> #DIV/0! | S19: =+$I$13+$I$12*O19+P19 -> #DIV/0! | T19: =10^Q19 -> #DIV/0! | U19: =10^O19 -> #VALUE! | V19: =10^R19 -> #DIV/0! | W19: =10^$O19 -> #VALUE! | X19: =10^S19 -> #DIV/0! | Y19: =10^$O19 -> #VALUE!
H20: Xmax | I20: =MAX(A:A) -> #VALUE! | O20: =LOG($I$19+($I$20-$I$19)*(ROW()-2)/100) -> #VALUE! | P20: =SQRT(2*$I$16*$K$24)*SQRT((1/$I$1)+((O20-$I$10)^2/$I$7)) -> #N/A | Q20: =+$I$13+$I$12*O20 -> #DIV/0! | R20: =+$I$13+$I$12*O20-P20 -> #DIV/0! | S20: =+$I$13+$I$12*O20+P20 -> #DIV/0! | T20: =10^Q20 -> #DIV/0! | U20: =10^O20 -> #VALUE! | V20: =10^R20 -> #DIV/0! | W20: =10^$O20 -> #VALUE! | X20: =10^S20 -> #DIV/0! | Y20: =10^$O20 -> #VALUE!
H21: Variansanalysetabel | O21: =LOG($I$19+($I$20-$I$19)*(ROW()-2)/100) -> #VALUE! | P21: =SQRT(2*$I$16*$K$24)*SQRT((1/$I$1)+((O21-$I$10)^2/$I$7)) -> #N/A | Q21: =+$I$13+$I$12*O21 -> #DIV/0! | R21: =+$I$13+$I$12*O21-P21 -> #DIV/0! | S21: =+$I$13+$I$12*O21+P21 -> #DIV/0! | T21: =10^Q21 -> #DIV/0! | U21: =10^O21 -> #VALUE! | V21: =10^R21 -> #DIV/0! | W21: =10^$O21 -> #VALUE! | X21: =10^S21 -> #DIV/0! | Y21: =10^$O21 -> #VALUE!
I22: SAK | J22: f | K22: S2 | L22: F | O22: =LOG($I$19+($I$20-$I$19)*(ROW()-2)/100) -> #VALUE! | P22: =SQRT(2*$I$16*$K$24)*SQRT((1/$I$1)+((O22-$I$10)^2/$I$7)) -> #N/A | Q22: =+$I$13+$I$12*O22 -> #DIV/0! | R22: =+$I$13+$I$12*O22-P22 -> #DIV/0! | S22: =+$I$13+$I$12*O22+P22 -> #DIV/0! | T22: =10^Q22 -> #DIV/0! | U22: =10^O22 -> #VALUE! | V22: =10^R22 -> #DIV/0! | W22: =10^$O22 -> #VALUE! | X22: =10^S22 -> #DIV/0! | Y22: =10^$O22 -> #VALUE! | Z22: RESIDUAL OUTPUT
H23: Regress | I23: =+I9^2/I7 -> #VALUE! | J23: 1 | K23: =+I23/1 -> #VALUE! | L23: =+K23/K24 -> #VALUE! | O23: =LOG($I$19+($I$20-$I$19)*(ROW()-2)/100) -> #VALUE! | P23: =SQRT(2*$I$16*$K$24)*SQRT((1/$I$1)+((O23-$I$10)^2/$I$7)) -> #N/A | Q23: =+$I$13+$I$12*O23 -> #DIV/0! | R23: =+$I$13+$I$12*O23-P23 -> #DIV/0! | S23: =+$I$13+$I$12*O23+P23 -> #DIV/0! | T23: =10^Q23 -> #DIV/0! | U23: =10^O23 -> #VALUE! | V23: =10^R23 -> #DIV/0! | W23: =10^$O23 -> #VALUE! | X23: =10^S23 -> #DIV/0! | Y23: =10^$O23 -> #VALUE!
H24: Residual | I24: =+I8-I23 -> #DIV/0! | J24: =+I1-2 -> -2 | K24: =+I24/($I$1-2) -> #DIV/0! | O24: =LOG($I$19+($I$20-$I$19)*(ROW()-2)/100) -> #VALUE! | P24: =SQRT(2*$I$16*$K$24)*SQRT((1/$I$1)+((O24-$I$10)^2/$I$7)) -> #N/A | Q24: =+$I$13+$I$12*O24 -> #DIV/0! | R24: =+$I$13+$I$12*O24-P24 -> #DIV/0! | S24: =+$I$13+$I$12*O24+P24 -> #DIV/0! | T24: =10^Q24 -> #DIV/0! | U24: =10^O24 -> #VALUE! | V24: =10^R24 -> #DIV/0! | W24: =10^$O24 -> #VALUE! | X24: =10^S24 -> #DIV/0! | Y24: =10^$O24 -> #VALUE! | Z24: Observation | AA24: Predicted Y | AB24: Residuals | AC24: Standard Residuals
H25: Total | I25: =SUM(I23:I24) -> #VALUE! | J25: =SUM(J23:J24) -> -1 | O25: =LOG($I$19+($I$20-$I$19)*(ROW()-2)/100) -> #VALUE! | P25: =SQRT(2*$I$16*$K$24)*SQRT((1/$I$1)+((O25-$I$10)^2/$I$7)) -> #N/A | Q25: =+$I$13+$I$12*O25 -> #DIV/0! | R25: =+$I$13+$I$12*O25-P25 -> #DIV/0! | S25: =+$I$13+$I$12*O25+P25 -> #DIV/0! | T25: =10^Q25 -> #DIV/0! | U25: =10^O25 -> #VALUE! | V25: =10^R25 -> #DIV/0! | W25: =10^$O25 -> #VALUE! | X25: =10^S25 -> #DIV/0! | Y25: =10^$O25 -> #VALUE! | Z25: 1 | AA25: 64.962009 | AB25: 0.4744117 | AC25: 0.10320336
O26: =LOG($I$19+($I$20-$I$19)*(ROW()-2)/100) -> #VALUE! | P26: =SQRT(2*$I$16*$K$24)*SQRT((1/$I$1)+((O26-$I$10)^2/$I$7)) -> #N/A | Q26: =+$I$13+$I$12*O26 -> #DIV/0! | R26: =+$I$13+$I$12*O26-P26 -> #DIV/0! | S26: =+$I$13+$I$12*O26+P26 -> #DIV/0! | T26: =10^Q26 -> #DIV/0! | U26: =10^O26 -> #VALUE! | V26: =10^R26 -> #DIV/0! | W26: =10^$O26 -> #VALUE! | X26: =10^S26 -> #DIV/0! | Y26: =10^$O26 -> #VALUE! | Z26: 2 | AA26: 84.735375 | AB26: 8.1224338 | AC26: 1.7669515
O27: =LOG($I$19+($I$20-$I$19)*(ROW()-2)/100) -> #VALUE! | P27: =SQRT(2*$I$16*$K$24)*SQRT((1/$I$1)+((O27-$I$10)^2/$I$7)) -> #N/A | Q27: =+$I$13+$I$12*O27 -> #DIV/0! | R27: =+$I$13+$I$12*O27-P27 -> #DIV/0! | S27: =+$I$13+$I$12*O27+P27 -> #DIV/0! | T27: =10^Q27 -> #DIV/0! | U27: =10^O27 -> #VALUE! | V27: =10^R27 -> #DIV/0! | W27: =10^$O27 -> #VALUE! | X27: =10^S27 -> #DIV/0! | Y27: =10^$O27 -> #VALUE! | Z27: 3 | AA27: 72.39896 | AB27: -3.7728516 | AC27: -0.82074485
O28: =LOG($I$19+($I$20-$I$19)*(ROW()-2)/100) -> #VALUE! | P28: =SQRT(2*$I$16*$K$24)*SQRT((1/$I$1)+((O28-$I$10)^2/$I$7)) -> #N/A | Q28: =+$I$13+$I$12*O28 -> #DIV/0! | R28: =+$I$13+$I$12*O28-P28 -> #DIV/0! | S28: =+$I$13+$I$12*O28+P28 -> #DIV/0! | T28: =10^Q28 -> #DIV/0! | U28: =10^O28 -> #VALUE! | V28: =10^R28 -> #DIV/0! | W28: =10^$O28 -> #VALUE! | X28: =10^S28 -> #DIV/0! | Y28: =10^$O28 -> #VALUE! | Z28: 4 | AA28: 83.96799 | AB28: 3.5389413 | AC28: 0.76986009
H29: N = | I29: =10^$I$13 -> #DIV/0! | J29: * | K29: S^ | L29: =+I12 -> #VALUE! | O29: =LOG($I$19+($I$20-$I$19)*(ROW()-2)/100) -> #VALUE! | P29: =SQRT(2*$I$16*$K$24)*SQRT((1/$I$1)+((O29-$I$10)^2/$I$7)) -> #N/A | Q29: =+$I$13+$I$12*O29 -> #DIV/0! | R29: =+$I$13+$I$12*O29-P29 -> #DIV/0! | S29: =+$I$13+$I$12*O29+P29 -> #DIV/0! | T29: =10^Q29 -> #DIV/0! | U29: =10^O29 -> #VALUE! | V29: =10^R29 -> #DIV/0! | W29: =10^$O29 -> #VALUE! | X29: =10^S29 -> #DIV/0! | Y29: =10^$O29 -> #VALUE! | Z29: 5 | AA29: 80.249514 | AB29: -3.0746271 | AC29: -0.66885335
O30: =LOG($I$19+($I$20-$I$19)*(ROW()-2)/100) -> #VALUE! | P30: =SQRT(2*$I$16*$K$24)*SQRT((1/$I$1)+((O30-$I$10)^2/$I$7)) -> #N/A | Q30: =+$I$13+$I$12*O30 -> #DIV/0! | R30: =+$I$13+$I$12*O30-P30 -> #DIV/0! | S30: =+$I$13+$I$12*O30+P30 -> #DIV/0! | T30: =10^Q30 -> #DIV/0! | U30: =10^O30 -> #VALUE! | V30: =10^R30 -> #DIV/0! | W30: =10^$O30 -> #VALUE! | X30: =10^S30 -> #DIV/0! | Y30: =10^$O30 -> #VALUE! | Z30: 6 | AA30: 78.183475 | AB30: -4.5407035 | AC30: -0.9877831
O31: =LOG($I$19+($I$20-$I$19)*(ROW()-2)/100) -> #VALUE! | P31: =SQRT(2*$I$16*$K$24)*SQRT((1/$I$1)+((O31-$I$10)^2/$I$7)) -> #N/A | Q31: =+$I$13+$I$12*O31 -> #DIV/0! | R31: =+$I$13+$I$12*O31-P31 -> #DIV/0! | S31: =+$I$13+$I$12*O31+P31 -> #DIV/0! | T31: =10^Q31 -> #DIV/0! | U31: =10^O31 -> #VALUE! | V31: =10^R31 -> #DIV/0! | W31: =10^$O31 -> #VALUE! | X31: =10^S31 -> #DIV/0! | Y31: =10^$O31 -> #VALUE! | Z31: 7 | AA31: 58.292049 | AB31: 5.5384636 | AC31: 1.2048355
H32: N | I32: TVALUE | J32: FVALUE | L32: 0.95 | O32: =LOG($I$19+($I$20-$I$19)*(ROW()-2)/100) -> #VALUE! | P32: =SQRT(2*$I$16*$K$24)*SQRT((1/$I$1)+((O32-$I$10)^2/$I$7)) -> #N/A | Q32: =+$I$13+$I$12*O32 -> #DIV/0! | R32: =+$I$13+$I$12*O32-P32 -> #DIV/0! | S32: =+$I$13+$I$12*O32+P32 -> #DIV/0! | T32: =10^Q32 -> #DIV/0! | U32: =10^O32 -> #VALUE! | V32: =10^R32 -> #DIV/0! | W32: =10^$O32 -> #VALUE! | X32: =10^S32 -> #DIV/0! | Y32: =10^$O32 -> #VALUE! | Z32: 8 | AA32: 76.17686 | AB32: -1.661665 | AC32: -0.36147805
H33: 1 | I33: 12.706 | J33: 199.5 | O33: =LOG($I$19+($I$20-$I$19)*(ROW()-2)/100) -> #VALUE! | P33: =SQRT(2*$I$16*$K$24)*SQRT((1/$I$1)+((O33-$I$10)^2/$I$7)) -> #N/A | Q33: =+$I$13+$I$12*O33 -> #DIV/0! | R33: =+$I$13+$I$12*O33-P33 -> #DIV/0! | S33: =+$I$13+$I$12*O33+P33 -> #DIV/0! | T33: =10^Q33 -> #DIV/0! | U33: =10^O33 -> #VALUE! | V33: =10^R33 -> #DIV/0! | W33: =10^$O33 -> #VALUE! | X33: =10^S33 -> #DIV/0! | Y33: =10^$O33 -> #VALUE! | Z33: 9 | AA33: 66.378327 | AB33: 1.0806765 | AC33: 0.23508999
H34: 2 | I34: 4.303 | J34: 19 | O34: =LOG($I$19+($I$20-$I$19)*(ROW()-2)/100) -> #VALUE! | P34: =SQRT(2*$I$16*$K$24)*SQRT((1/$I$1)+((O34-$I$10)^2/$I$7)) -> #N/A | Q34: =+$I$13+$I$12*O34 -> #DIV/0! | R34: =+$I$13+$I$12*O34-P34 -> #DIV/0! | S34: =+$I$13+$I$12*O34+P34 -> #DIV/0! | T34: =10^Q34 -> #DIV/0! | U34: =10^O34 -> #VALUE! | V34: =10^R34 -> #DIV/0! | W34: =10^$O34 -> #VALUE! | X34: =10^S34 -> #DIV/0! | Y34: =10^$O34 -> #VALUE! | Z34: 10 | AA34: 71.750028 | AB34: -5.7050796 | AC34: -1.2410811
H35: 3 | I35: 3.182 | J35: 9.55 | O35: =LOG($I$19+($I$20-$I$19)*(ROW()-2)/100) -> #VALUE! | P35: =SQRT(2*$I$16*$K$24)*SQRT((1/$I$1)+((O35-$I$10)^2/$I$7)) -> #N/A | Q35: =+$I$13+$I$12*O35 -> #DIV/0! | R35: =+$I$13+$I$12*O35-P35 -> #DIV/0! | S35: =+$I$13+$I$12*O35+P35 -> #DIV/0! | T35: =10^Q35 -> #DIV/0! | U35: =10^O35 -> #VALUE! | V35: =10^R35 -> #DIV/0! | W35: =10^$O35 -> #VALUE! | X35: =10^S35 -> #DIV/0! | Y35: =10^$O35 -> #VALUE! | Z35: 11 | AA35: 1.8219741 | AB35: -0.023572384 | AC35: -2.1105589
H36: 4 | I36: 2.7764 | J36: 6.94 | O36: =LOG($I$19+($I$20-$I$19)*(ROW()-2)/100) -> #VALUE! | P36: =SQRT(2*$I$16*$K$24)*SQRT((1/$I$1)+((O36-$I$10)^2/$I$7)) -> #N/A | Q36: =+$I$13+$I$12*O36 -> #DIV/0! | R36: =+$I$13+$I$12*O36-P36 -> #DIV/0! | S36: =+$I$13+$I$12*O36+P36 -> #DIV/0! | T36: =10^Q36 -> #DIV/0! | U36: =10^O36 -> #VALUE! | V36: =10^R36 -> #DIV/0! | W36: =10^$O36 -> #VALUE! | X36: =10^S36 -> #DIV/0! | Y36: =10^$O36 -> #VALUE! | Z36: 12 | AA36: 1.7418459 | AB36: 0.0051980261 | AC36: 0.46540648
H37: 5 | I37: 2.5706 | J37: 5.79 | O37: =LOG($I$19+($I$20-$I$19)*(ROW()-2)/100) -> #VALUE! | P37: =SQRT(2*$I$16*$K$24)*SQRT((1/$I$1)+((O37-$I$10)^2/$I$7)) -> #N/A | Q37: =+$I$13+$I$12*O37 -> #DIV/0! | R37: =+$I$13+$I$12*O37-P37 -> #DIV/0! | S37: =+$I$13+$I$12*O37+P37 -> #DIV/0! | T37: =10^Q37 -> #DIV/0! | U37: =10^O37 -> #VALUE! | V37: =10^R37 -> #DIV/0! | W37: =10^$O37 -> #VALUE! | X37: =10^S37 -> #DIV/0! | Y37: =10^$O37 -> #VALUE!
H38: 6 | I38: 2.4469 | J38: 5.14 | O38: =LOG($I$19+($I$20-$I$19)*(ROW()-2)/100) -> #VALUE! | P38: =SQRT(2*$I$16*$K$24)*SQRT((1/$I$1)+((O38-$I$10)^2/$I$7)) -> #N/A | Q38: =+$I$13+$I$12*O38 -> #DIV/0! | R38: =+$I$13+$I$12*O38-P38 -> #DIV/0! | S38: =+$I$13+$I$12*O38+P38 -> #DIV/0! | T38: =10^Q38 -> #DIV/0! | U38: =10^O38 -> #VALUE! | V38: =10^R38 -> #DIV/0! | W38: =10^$O38 -> #VALUE! | X38: =10^S38 -> #DIV/0! | Y38: =10^$O38 -> #VALUE!
H39: 7 | I39: 2.3646 | J39: 4.74 | O39: =LOG($I$19+($I$20-$I$19)*(ROW()-2)/100) -> #VALUE! | P39: =SQRT(2*$I$16*$K$24)*SQRT((1/$I$1)+((O39-$I$10)^2/$I$7)) -> #N/A | Q39: =+$I$13+$I$12*O39 -> #DIV/0! | R39: =+$I$13+$I$12*O39-P39 -> #DIV/0! | S39: =+$I$13+$I$12*O39+P39 -> #DIV/0! | T39: =10^Q39 -> #DIV/0! | U39: =10^O39 -> #VALUE! | V39: =10^R39 -> #DIV/0! | W39: =10^$O39 -> #VALUE! | X39: =10^S39 -> #DIV/0! | Y39: =10^$O39 -> #VALUE!
H40: 8 | I40: 2.306 | J40: 4.46 | O40: =LOG($I$19+($I$20-$I$19)*(ROW()-2)/100) -> #VALUE! | P40: =SQRT(2*$I$16*$K$24)*SQRT((1/$I$1)+((O40-$I$10)^2/$I$7)) -> #N/A | Q40: =+$I$13+$I$12*O40 -> #DIV/0! | R40: =+$I$13+$I$12*O40-P40 -> #DIV/0! | S40: =+$I$13+$I$12*O40+P40 -> #DIV/0! | T40: =10^Q40 -> #DIV/0! | U40: =10^O40 -> #VALUE! | V40: =10^R40 -> #DIV/0! | W40: =10^$O40 -> #VALUE! | X40: =10^S40 -> #DIV/0! | Y40: =10^$O40 -> #VALUE!
H41: 9 | I41: 2.2622 | J41: 4.26 | O41: =LOG($I$19+($I$20-$I$19)*(ROW()-2)/100) -> #VALUE! | P41: =SQRT(2*$I$16*$K$24)*SQRT((1/$I$1)+((O41-$I$10)^2/$I$7)) -> #N/A | Q41: =+$I$13+$I$12*O41 -> #DIV/0! | R41: =+$I$13+$I$12*O41-P41 -> #DIV/0! | S41: =+$I$13+$I$12*O41+P41 -> #DIV/0! | T41: =10^Q41 -> #DIV/0! | U41: =10^O41 -> #VALUE! | V41: =10^R41 -> #DIV/0! | W41: =10^$O41 -> #VALUE! | X41: =10^S41 -> #DIV/0! | Y41: =10^$O41 -> #VALUE!
H42: 10 | I42: 2.2281 | J42: 4.1 | O42: =LOG($I$19+($I$20-$I$19)*(ROW()-2)/100) -> #VALUE! | P42: =SQRT(2*$I$16*$K$24)*SQRT((1/$I$1)+((O42-$I$10)^2/$I$7)) -> #N/A | Q42: =+$I$13+$I$12*O42 -> #DIV/0! | R42: =+$I$13+$I$12*O42-P42 -> #DIV/0! | S42: =+$I$13+$I$12*O42+P42 -> #DIV/0! | T42: =10^Q42 -> #DIV/0! | U42: =10^O42 -> #VALUE! | V42: =10^R42 -> #DIV/0! | W42: =10^$O42 -> #VALUE! | X42: =10^S42 -> #DIV/0! | Y42: =10^$O42 -> #VALUE!
H43: 11 | I43: 2.201 | J43: 3.98 | O43: =LOG($I$19+($I$20-$I$19)*(ROW()-2)/100) -> #VALUE! | P43: =SQRT(2*$I$16*$K$24)*SQRT((1/$I$1)+((O43-$I$10)^2/$I$7)) -> #N/A | Q43: =+$I$13+$I$12*O43 -> #DIV/0! | R43: =+$I$13+$I$12*O43-P43 -> #DIV/0! | S43: =+$I$13+$I$12*O43+P43 -> #DIV/0! | T43: =10^Q43 -> #DIV/0! | U43: =10^O43 -> #VALUE! | V43: =10^R43 -> #DIV/0! | W43: =10^$O43 -> #VALUE! | X43: =10^S43 -> #DIV/0! | Y43: =10^$O43 -> #VALUE!
H44: 12 | I44: 2.1788 | J44: 2.89 | O44: =LOG($I$19+($I$20-$I$19)*(ROW()-2)/100) -> #VALUE! | P44: =SQRT(2*$I$16*$K$24)*SQRT((1/$I$1)+((O44-$I$10)^2/$I$7)) -> #N/A | Q44: =+$I$13+$I$12*O44 -> #DIV/0! | R44: =+$I$13+$I$12*O44-P44 -> #DIV/0! | S44: =+$I$13+$I$12*O44+P44 -> #DIV/0! | T44: =10^Q44 -> #DIV/0! | U44: =10^O44 -> #VALUE! | V44: =10^R44 -> #DIV/0! | W44: =10^$O44 -> #VALUE! | X44: =10^S44 -> #DIV/0! | Y44: =10^$O44 -> #VALUE!
H45: 13 | I45: 2.1604 | J45: 3.81 | O45: =LOG($I$19+($I$20-$I$19)*(ROW()-2)/100) -> #VALUE! | P45: =SQRT(2*$I$16*$K$24)*SQRT((1/$I$1)+((O45-$I$10)^2/$I$7)) -> #N/A | Q45: =+$I$13+$I$12*O45 -> #DIV/0! | R45: =+$I$13+$I$12*O45-P45 -> #DIV/0! | S45: =+$I$13+$I$12*O45+P45 -> #DIV/0! | T45: =10^Q45 -> #DIV/0! | U45: =10^O45 -> #VALUE! | V45: =10^R45 -> #DIV/0! | W45: =10^$O45 -> #VALUE! | X45: =10^S45 -> #DIV/0! | Y45: =10^$O45 -> #VALUE!
H46: 14 | I46: 2.1448 | J46: 3.74 | O46: =LOG($I$19+($I$20-$I$19)*(ROW()-2)/100) -> #VALUE! | P46: =SQRT(2*$I$16*$K$24)*SQRT((1/$I$1)+((O46-$I$10)^2/$I$7)) -> #N/A | Q46: =+$I$13+$I$12*O46 -> #DIV/0! | R46: =+$I$13+$I$12*O46-P46 -> #DIV/0! | S46: =+$I$13+$I$12*O46+P46 -> #DIV/0! | T46: =10^Q46 -> #DIV/0! | U46: =10^O46 -> #VALUE! | V46: =10^R46 -> #DIV/0! | W46: =10^$O46 -> #VALUE! | X46: =10^S46 -> #DIV/0! | Y46: =10^$O46 -> #VALUE!
H47: 15 | I47: 2.1315 | J47: 3.68 | O47: =LOG($I$19+($I$20-$I$19)*(ROW()-2)/100) -> #VALUE! | P47: =SQRT(2*$I$16*$K$24)*SQRT((1/$I$1)+((O47-$I$10)^2/$I$7)) -> #N/A | Q47: =+$I$13+$I$12*O47 -> #DIV/0! | R47: =+$I$13+$I$12*O47-P47 -> #DIV/0! | S47: =+$I$13+$I$12*O47+P47 -> #DIV/0! | T47: =10^Q47 -> #DIV/0! | U47: =10^O47 -> #VALUE! | V47: =10^R47 -> #DIV/0! | W47: =10^$O47 -> #VALUE! | X47: =10^S47 -> #DIV/0! | Y47: =10^$O47 -> #VALUE!
H48: 16 | I48: 2.1199 | J48: 3.63 | O48: =LOG($I$19+($I$20-$I$19)*(ROW()-2)/100) -> #VALUE! | P48: =SQRT(2*$I$16*$K$24)*SQRT((1/$I$1)+((O48-$I$10)^2/$I$7)) -> #N/A | Q48: =+$I$13+$I$12*O48 -> #DIV/0! | R48: =+$I$13+$I$12*O48-P48 -> #DIV/0! | S48: =+$I$13+$I$12*O48+P48 -> #DIV/0! | T48: =10^Q48 -> #DIV/0! | U48: =10^O48 -> #VALUE! | V48: =10^R48 -> #DIV/0! | W48: =10^$O48 -> #VALUE! | X48: =10^S48 -> #DIV/0! | Y48: =10^$O48 -> #VALUE!
... H69: 121 | I69: 1.96 | J69: 3 | O69: =LOG($I$19+($I$20-$I$19)*(ROW()-2)/100) -> #VALUE! | P69: =SQRT(2*$I$16*$K$24)*SQRT((1/$I$1)+((O69-$I$10)^2/$I$7)) -> #N/A | Q69: =+$I$13+$I$12*O69 -> #DIV/0! | R69: =+$I$13+$I$12*O69-P69 -> #DIV/0! | S69: =+$I$13+$I$12*O69+P69 -> #DIV/0! | T69: =10^Q69 -> #DIV/0! | U69: =10^O69 -> #VALUE! | V69: =10^R69 -> #DIV/0! | W69: =10^$O69 -> #VALUE! | X69: =10^S69 -> #DIV/0! | Y69: =10^$O69 -> #VALUE!
O70: =LOG($I$19+($I$20-$I$19)*(ROW()-2)/100) -> #VALUE! | P70: =SQRT(2*$I$16*$K$24)*SQRT((1/$I$1)+((O70-$I$10)^2/$I$7)) -> #N/A | Q70: =+$I$13+$I$12*O70 -> #DIV/0! | R70: =+$I$13+$I$12*O70-P70 -> #DIV/0! | S70: =+$I$13+$I$12*O70+P70 -> #DIV/0! | T70: =10^Q70 -> #DIV/0! | U70: =10^O70 -> #VALUE! | V70: =10^R70 -> #DIV/0! | W70: =10^$O70 -> #VALUE! | X70: =10^S70 -> #DIV/0! | Y70: =10^$O70 -> #VALUE!
O71: =LOG($I$19+($I$20-$I$19)*(ROW()-2)/100) -> #VALUE! | P71: =SQRT(2*$I$16*$K$24)*SQRT((1/$I$1)+((O71-$I$10)^2/$I$7)) -> #N/A | Q71: =+$I$13+$I$12*O71 -> #DIV/0! | R71: =+$I$13+$I$12*O71-P71 -> #DIV/0! | S71: =+$I$13+$I$12*O71+P71 -> #DIV/0! | T71: =10^Q71 -> #DIV/0! | U71: =10^O71 -> #VALUE! | V71: =10^R71 -> #DIV/0! | W71: =10^$O71 -> #VALUE! | X71: =10^S71 -> #DIV/0! | Y71: =10^$O71 -> #VALUE!
O72: =LOG($I$19+($I$20-$I$19)*(ROW()-2)/100) -> #VALUE! | P72: =SQRT(2*$I$16*$K$24)*SQRT((1/$I$1)+((O72-$I$10)^2/$I$7)) -> #N/A | Q72: =+$I$13+$I$12*O72 -> #DIV/0! | R72: =+$I$13+$I$12*O72-P72 -> #DIV/0! | S72: =+$I$13+$I$12*O72+P72 -> #DIV/0! | T72: =10^Q72 -> #DIV/0! | U72: =10^O72 -> #VALUE! | V72: =10^R72 -> #DIV/0! | W72: =10^$O72 -> #VALUE! | X72: =10^S72 -> #DIV/0! | Y72: =10^$O72 -> #VALUE!
O73: =LOG($I$19+($I$20-$I$19)*(ROW()-2)/100) -> #VALUE! | P73: =SQRT(2*$I$16*$K$24)*SQRT((1/$I$1)+((O73-$I$10)^2/$I$7)) -> #N/A | Q73: =+$I$13+$I$12*O73 -> #DIV/0! | R73: =+$I$13+$I$12*O73-P73 -> #DIV/0! | S73: =+$I$13+$I$12*O73+P73 -> #DIV/0! | T73: =10^Q73 -> #DIV/0! | U73: =10^O73 -> #VALUE! | V73: =10^R73 -> #DIV/0! | W73: =10^$O73 -> #VALUE! | X73: =10^S73 -> #DIV/0! | Y73: =10^$O73 -> #VALUE!
O74: =LOG($I$19+($I$20-$I$19)*(ROW()-2)/100) -> #VALUE! | P74: =SQRT(2*$I$16*$K$24)*SQRT((1/$I$1)+((O74-$I$10)^2/$I$7)) -> #N/A | Q74: =+$I$13+$I$12*O74 -> #DIV/0! | R74: =+$I$13+$I$12*O74-P74 -> #DIV/0! | S74: =+$I$13+$I$12*O74+P74 -> #DIV/0! | T74: =10^Q74 -> #DIV/0! | U74: =10^O74 -> #VALUE! | V74: =10^R74 -> #DIV/0! | W74: =10^$O74 -> #VALUE! | X74: =10^S74 -> #DIV/0! | Y74: =10^$O74 -> #VALUE!
O75: =LOG($I$19+($I$20-$I$19)*(ROW()-2)/100) -> #VALUE! | P75: =SQRT(2*$I$16*$K$24)*SQRT((1/$I$1)+((O75-$I$10)^2/$I$7)) -> #N/A | Q75: =+$I$13+$I$12*O75 -> #DIV/0! | R75: =+$I$13+$I$12*O75-P75 -> #DIV/0! | S75: =+$I$13+$I$12*O75+P75 -> #DIV/0! | T75: =10^Q75 -> #DIV/0! | U75: =10^O75 -> #VALUE! | V75: =10^R75 -> #DIV/0! | W75: =10^$O75 -> #VALUE! | X75: =10^S75 -> #DIV/0! | Y75: =10^$O75 -> #VALUE!
O76: =LOG($I$19+($I$20-$I$19)*(ROW()-2)/100) -> #VALUE! | P76: =SQRT(2*$I$16*$K$24)*SQRT((1/$I$1)+((O76-$I$10)^2/$I$7)) -> #N/A | Q76: =+$I$13+$I$12*O76 -> #DIV/0! | R76: =+$I$13+$I$12*O76-P76 -> #DIV/0! | S76: =+$I$13+$I$12*O76+P76 -> #DIV/0! | T76: =10^Q76 -> #DIV/0! | U76: =10^O76 -> #VALUE! | V76: =10^R76 -> #DIV/0! | W76: =10^$O76 -> #VALUE! | X76: =10^S76 -> #DIV/0! | Y76: =10^$O76 -> #VALUE!
O77: =LOG($I$19+($I$20-$I$19)*(ROW()-2)/100) -> #VALUE! | P77: =SQRT(2*$I$16*$K$24)*SQRT((1/$I$1)+((O77-$I$10)^2/$I$7)) -> #N/A | Q77: =+$I$13+$I$12*O77 -> #DIV/0! | R77: =+$I$13+$I$12*O77-P77 -> #DIV/0! | S77: =+$I$13+$I$12*O77+P77 -> #DIV/0! | T77: =10^Q77 -> #DIV/0! | U77: =10^O77 -> #VALUE! | V77: =10^R77 -> #DIV/0! | W77: =10^$O77 -> #VALUE! | X77: =10^S77 -> #DIV/0! | Y77: =10^$O77 -> #VALUE!
O78: =LOG($I$19+($I$20-$I$19)*(ROW()-2)/100) -> #VALUE! | P78: =SQRT(2*$I$16*$K$24)*SQRT((1/$I$1)+((O78-$I$10)^2/$I$7)) -> #N/A | Q78: =+$I$13+$I$12*O78 -> #DIV/0! | R78: =+$I$13+$I$12*O78-P78 -> #DIV/0! | S78: =+$I$13+$I$12*O78+P78 -> #DIV/0! | T78: =10^Q78 -> #DIV/0! | U78: =10^O78 -> #VALUE! | V78: =10^R78 -> #DIV/0! | W78: =10^$O78 -> #VALUE! | X78: =10^S78 -> #DIV/0! | Y78: =10^$O78 -> #VALUE!
O79: =LOG($I$19+($I$20-$I$19)*(ROW()-2)/100) -> #VALUE! | P79: =SQRT(2*$I$16*$K$24)*SQRT((1/$I$1)+((O79-$I$10)^2/$I$7)) -> #N/A | Q79: =+$I$13+$I$12*O79 -> #DIV/0! | R79: =+$I$13+$I$12*O79-P79 -> #DIV/0! | S79: =+$I$13+$I$12*O79+P79 -> #DIV/0! | T79: =10^Q79 -> #DIV/0! | U79: =10^O79 -> #VALUE! | V79: =10^R79 -> #DIV/0! | W79: =10^$O79 -> #VALUE! | X79: =10^S79 -> #DIV/0! | Y79: =10^$O79 -> #VALUE!
O80: =LOG($I$19+($I$20-$I$19)*(ROW()-2)/100) -> #VALUE! | P80: =SQRT(2*$I$16*$K$24)*SQRT((1/$I$1)+((O80-$I$10)^2/$I$7)) -> #N/A | Q80: =+$I$13+$I$12*O80 -> #DIV/0! | R80: =+$I$13+$I$12*O80-P80 -> #DIV/0! | S80: =+$I$13+$I$12*O80+P80 -> #DIV/0! | T80: =10^Q80 -> #DIV/0! | U80: =10^O80 -> #VALUE! | V80: =10^R80 -> #DIV/0! | W80: =10^$O80 -> #VALUE! | X80: =10^S80 -> #DIV/0! | Y80: =10^$O80 -> #VALUE!
O81: =LOG($I$19+($I$20-$I$19)*(ROW()-2)/100) -> #VALUE! | P81: =SQRT(2*$I$16*$K$24)*SQRT((1/$I$1)+((O81-$I$10)^2/$I$7)) -> #N/A | Q81: =+$I$13+$I$12*O81 -> #DIV/0! | R81: =+$I$13+$I$12*O81-P81 -> #DIV/0! | S81: =+$I$13+$I$12*O81+P81 -> #DIV/0! | T81: =10^Q81 -> #DIV/0! | U81: =10^O81 -> #VALUE! | V81: =10^R81 -> #DIV/0! | W81: =10^$O81 -> #VALUE! | X81: =10^S81 -> #DIV/0! | Y81: =10^$O81 -> #VALUE!
... O102: =LOG($I$19+($I$20-$I$19)*(ROW()-2)/100) -> #VALUE! | P102: =SQRT(2*$I$16*$K$24)*SQRT((1/$I$1)+((O102-$I$10)^2/$I$7)) -> #N/A | Q102: =+$I$13+$I$12*O102 -> #DIV/0! | R102: =+$I$13+$I$12*O102-P102 -> #DIV/0! | S102: =+$I$13+$I$12*O102+P102 -> #DIV/0! | T102: =10^Q102 -> #DIV/0! | U102: =10^O102 -> #VALUE! | V102: =10^R102 -> #DIV/0! | W102: =10^$O102 -> #VALUE! | X102: =10^S102 -> #DIV/0! | Y102: =10^$O102 -> #VALUE!

Sheet Report Tables
B3: =+Results!B7 -> Specimen | C3: =+Results!C7 -> Width | D3: =+Results!D7 -> Thickness | E3: =+Results!E7 -> Area | F3: =+Results!N7 -> Ini Emod | G3: =+Results!O7 -> E-mod | H3: =+Results!R7 -> Bending ratio | I3: =+Results!G7 -> Abs Max strain | J3: =+Results!H7 -> Strain Range | K3: =+Results!I7 -> Peak stress | L3: =+Results!F7 -> Cycles to failure | M3: =+Results!S7 -> Comments
B4: =+Results!B8 -> # | C4: =+Results!C8 -> (mm) | D4: =+Results!D8 -> (mm) | E4: =+Results!E8 -> (mm2) | F4: =+Results!N8 -> (GPa) | G4: =+Results!O8 -> (GPa) | H4: =+Results!R8 -> |E1+E2|/|E1+E2| | I4: =+Results!G8 -> (%) | J4: =+Results!H8 -> (%) | K4: =+Results!I8 -> (MPa)
B5: =+Results!B9 -> EQA02-01 | C5: =+Results!C9 -> 25.01 | D5: =+Results!D9 -> 4.15 | E5: =+Results!E9 -> 103.7915 | F5: =+Results!N9 -> 0 | G5: =+Results!O9 -> 0 | H5: =+Results!R9 -> #DIV/0! | I5: =+Results!G9 -> _ | J5: =+Results!H9 | K5: =+Results!I9 -> #VALUE! | L5: =+Results!F9 -> 1 | M5: =+Plan!M9 -> Static
B6: =+Results!B10 -> EQA02-02 | C6: =+Results!C10 -> 25.19 | D6: =+Results!D10 -> 4.35 | E6: =+Results!E10 -> 109.5765 | F6: =+Results!N10 -> 0 | G6: =+Results!O10 -> 0 | H6: =+Results!R10 -> #DIV/0! | I6: =+Results!G10 -> _ | J6: =+Results!H10 | K6: =+Results!I10 -> #VALUE! | L6: =+Results!F10 -> 1 | M6: =+Plan!M10 -> Static
B7: =+Results!B11 -> EQA02-03 | C7: =+Results!C11 -> 25.21 | D7: =+Results!D11 -> 4.36 | E7: =+Results!E11 -> 109.9156 | F7: =+Results!N11 -> 0 | G7: =+Results!O11 -> 0 | H7: =+Results!R11 -> #DIV/0! | I7: =+Results!G11 -> 1 | J7: =+Results!H11 -> 0.9 | K7: =+Results!I11 -> 0 | L7: =+Results!F11 -> 36156 | M7: =+Plan!M11 -> Fatige
B8: =+Results!B12 -> EQA02-04 | C8: =+Results!C12 -> 25.19 | D8: =+Results!D12 -> 4.25 | E8: =+Results!E12 -> 107.0575 | F8: =+Results!N12 -> 0 | G8: =+Results!O12 -> 0 | H8: =+Results!R12 -> #DIV/0! | I8: =+Results!G12 -> 0.9 | J8: =+Results!H12 -> 0.81 | K8: =+Results!I12 -> 0 | L8: =+Results!F12 -> 83871 | M8: =+Plan!M12 -> Fatige
B9: =+Results!B13 -> EQA02-05 | C9: =+Results!C13 -> 25.18 | D9: =+Results!D13 -> 4.21 | E9: =+Results!E13 -> 106.0078 | F9: =+Results!N13 -> 0 | G9: =+Results!O13 -> 0 | H9: =+Results!R13 -> #DIV/0! | I9: =+Results!G13 -> 0.8 | J9: =+Results!H13 -> 0.72 | K9: =+Results!I13 -> 0 | L9: =+Results!F13 -> 130906 | M9: =+Plan!M13 -> Fatige
B10: =+Results!B14 -> EQA02-06 | C10: =+Results!C14 -> 25.2 | D10: =+Results!D14 -> 4.28 | E10: =+Results!E14 -> 107.856 | F10: =+Results!N14 -> 0 | G10: =+Results!O14 -> 0 | H10: =+Results!R14 -> #DIV/0! | I10: =+Results!G14 -> 1.1 | J10: =+Results!H14 -> 0.99 | K10: =+Results!I14 -> 0 | L10: =+Results!F14 -> 24379 | M10: =+Plan!M14 -> Fatigue
B11: =+Results!B15 -> EQA02-07 | C11: =+Results!C15 -> 25.19 | D11: =+Results!D15 -> 4.13 | E11: =+Results!E15 -> 104.0347 | F11: =+Results!N15 -> 0 | G11: =+Results!O15 -> 0 | H11: =+Results!R15 -> #DIV/0! | I11: =+Results!G15 -> 0 | J11: =+Results!H15 -> 0 | K11: =+Results!I15 -> 0 | L11: =+Results!F15 -> 0 | M11: =+Plan!M15 -> 0
B12: =+Results!B16 -> EQA02-08 | C12: =+Results!C16 -> 25.26 | D12: =+Results!D16 -> 4.28 | E12: =+Results!E16 -> 108.1128 | F12: =+Results!N16 -> 0 | G12: =+Results!O16 -> 0 | H12: =+Results!R16 -> #DIV/0! | I12: =+Results!G16 -> 0 | J12: =+Results!H16 -> 0 | K12: =+Results!I16 -> 0 | L12: =+Results!F16 -> 0 | M12: =+Plan!M16 -> 0
B13: =+Results!B17 -> EQA02-09 | C13: =+Results!C17 -> 25.25 | D13: =+Results!D17 -> 4.27 | E13: =+Results!E17 -> 107.8175 | F13: =+Results!N17 -> 0 | G13: =+Results!O17 -> 0 | H13: =+Results!R17 -> #DIV/0! | I13: =+Results!G17 -> 0.7 | J13: =+Results!H17 -> 0.63 | K13: =+Results!I17 -> 0 | L13: =+Results!F17 -> 255387 | M13: =+Plan!M17 -> Fatigue
B14: =+Results!B18 -> EQA02-10 | C14: =+Results!C18 -> 25.27 | D14: =+Results!D18 -> 4.27 | E14: =+Results!E18 -> 107.9029 | F14: =+Results!N18 -> 0 | G14: =+Results!O18 -> 0 | H14: =+Results!R18 -> #DIV/0! | I14: =+Results!G18 -> 0.6 | J14: =+Results!H18 -> 0.54 | K14: =+Results!I18 -> 0 | L14: =+Results!F18 -> 596316 | M14: =+Plan!M20 -> Static
B15: =+Results!B19 -> EQA02-11 | C15: =+Results!C19 -> 25.28 | D15: =+Results!D19 -> 4.09 | E15: =+Results!E19 -> 103.3952 | F15: =+Results!N19 -> 0 | G15: =+Results!O19 -> 0 | H15: =+Results!R19 -> #DIV/0! | I15: =+Results!G19 -> 0.55 | J15: =+Results!H19 -> 0.495 | K15: =+Results!I19 -> 0 | L15: =+Results!F19 -> 2500000 | M15: =+Plan!M21 -> 0
B19: From Matlab Script Fatigue4.m
B20: Specimen | C20: Width [mm] | D20: Thickness [mm] | E20: E-mod. change [%] | F20: E-mod. [GPa] | G20: Bending | H20: Freq. [Hz] | I20: R | J20: Peak strain [%] | K20: Strain range [%] | L20: Peak stress [MPa] | M20: Cycles | N20: Comments
I28: C
I29: m
J30: ='ASTM E739 stat (Max Strain)'!J14 -> (X=40534.6Y^-5.27)
K31: ='ASTM E739 stat (Strain Range)'!J14 -> #VALUE!
L32: ='ASTM E739 stat (Max Stress)'!J14 -> #DIV/0!
